id,age,workclass,education,marital.status,occupation,relationship,race,sex,capital.gain,capital.loss,hours.per.week,native.country,target_prob
0,33.21551, Private, 11th, Never-married, Prof-specialty, Not-in-family, Black, Male,19945.383,16.77,43.229557, United-States,0.7536277
1,51.397923, Self-emp-not-inc, HS-grad, Married-civ-spouse, Farming-fishing, Husband, White, Male,63125.004,9.820252e-20,46.294815, United-States,0.9999999
2,39.358917, ?, Doctorate, Never-married, ?, Not-in-family, White, Female,859.0162,2283.351,38.409225, United-States,0.6433961
3,38.391613, Private, Assoc-voc, Married-civ-spouse, Tech-support, Husband, White, Male,9639.668,1.7485706e-15,42.04209, United-States,0.9928681
4,51.102493, Self-emp-inc, HS-grad, Separated, Machine-op-inspct, Not-in-family, Black, Male,21691.459,13.600392,49.88484, United-States,0.98676735
5,24.00053, Private, Some-college, Never-married, Prof-specialty, Not-in-family, White, Female,25331.682,2.7090992e-13,39.99955, United-States,0.98777777
6,48.3506, Private, HS-grad, Married-civ-spouse, Craft-repair, Husband, White, Male,260.61707,1167.2196,42.99029, United-States,0.6314836
8,52.616966, Self-emp-not-inc, HS-grad, Married-civ-spouse, Farming-fishing, Husband, White, Male,275.07413,2755.4622,47.91878, United-States,0.7324125
9,48.79412, Private, HS-grad, Married-civ-spouse, Exec-managerial, Husband, White, Male,9502.297,9.426216e-15,43.61491, United-States,0.9935004
10,24.45739, Private, Bachelors, Never-married, Prof-specialty, Own-child, White, Male,29693.607,5.25322e-07,39.16616,Other,0.9925403
11,40.15049, Private, HS-grad, Married-civ-spouse, Adm-clerical, Wife, White, Female,1066.0513,0.00011542981,37.57648, United-States,0.5355713
14,33.476673, ?, Bachelors, Never-married, ?, Other-relative, White, Female,84219.07,1.0272007e-11,24.277872, United-States,1.0
15,40.323147, Private, Bachelors, Never-married, Prof-specialty, Not-in-family, White, Male,9647.118,0.21692567,49.73345,Other,0.62450963
16,21.9948, Private, Bachelors, Never-married, Adm-clerical, Own-child, White, Male,31840.54,1.02989516e-13,28.050676, United-States,0.9867942
17,43.771156, Private, Masters, Separated, Exec-managerial, Not-in-family, Black, Male,3194.4895,3.3537414,49.448193, United-States,0.97774386
18,54.000477, Private, HS-grad, Married-civ-spouse, Craft-repair, Husband, White, Male,11438.299,2.2956952e-20,40.699356, United-States,0.9893572
19,55.01573, Self-emp-not-inc, Doctorate, Divorced, Prof-specialty, Not-in-family, White, Male,7383.0244,0.04416746,47.30194, United-States,0.99532264
20,52.91552, Self-emp-not-inc, Bachelors, Divorced, Exec-managerial, Not-in-family, White, Female,19021.309,0.0027713228,44.14154, United-States,0.98520017
21,42.116478, Private, Bachelors, Divorced, Sales, Not-in-family, White, Male,9351.109,5.7815194,50.006535, United-States,0.98803896
22,44.430134, Local-gov, Some-college, Married-civ-spouse, Protective-serv, Husband, White, Male,478.98972,264.55606,46.223114, United-States,0.920689
23,44.62368, Private, HS-grad, Married-civ-spouse, Exec-managerial, Husband, White, Male,403.36383,1853.357,47.37467, United-States,0.98006195
24,48.214912, Local-gov, HS-grad, Married-civ-spouse, Protective-serv, Husband, White, Male,347.7986,2348.5107,46.419277, United-States,0.97438127
25,43.676502, Local-gov, Bachelors, Married-civ-spouse, Prof-specialty, Husband, White, Male,997.21,0.0005086114,44.175728, United-States,0.60730034
26,34.902397, Private, Masters, Never-married, Prof-specialty, Not-in-family, White, Male,18408.096,0.012814365,42.855083,Other,0.97922254
27,43.596233, Private, Bachelors, Married-civ-spouse, Machine-op-inspct, Husband, White, Male,98.59491,2262.509,41.34613, United-States,0.94787514
29,36.0314, Local-gov, HS-grad, Married-civ-spouse, Prof-specialty, Husband, White, Male,10348.645,5.954011e-28,42.93496, United-States,0.9177237
30,28.897621, Private, Some-college, Married-civ-spouse, Machine-op-inspct, Husband, White, Male,13807.413,3.877972e-13,40.76883, United-States,0.962533
31,31.75981, Private, Bachelors, Never-married, Adm-clerical, Not-in-family, White, Male,12232.547,0.00049807236,44.405396, United-States,0.6984089
32,38.711445, Local-gov, HS-grad, Married-civ-spouse, Other-service, Husband, White, Male,24898.45,3.5366704e-16,42.197227,Other,0.99592566
34,55.92176, Self-emp-inc, HS-grad, Widowed, Exec-managerial, Not-in-family, White, Male,13660.217,0.0005875732,47.870808, United-States,0.9931726
35,42.170998, Private, Bachelors, Divorced, Prof-specialty, Not-in-family, White, Male,12678.425,1.8553416,41.927032, United-States,0.9674219
36,47.554, Private, Masters, Divorced, Exec-managerial, Not-in-family, Black, Male,5021.863,47.86612,46.847214, United-States,0.9945791
38,45.196316, Private, HS-grad, Married-civ-spouse, Craft-repair, Husband, White, Male,613.9192,2275.078,46.115017, United-States,0.85100543
39,37.920925, Private, Prof-school, Divorced, Exec-managerial, Not-in-family, White, Male,13589.9375,2.7434313,52.12481,Other,0.994124
41,62.7218, Private, HS-grad, Married-civ-spouse, Craft-repair, Husband, White, Male,8047.954,4.0789752e-35,47.081802, United-States,0.9775974
42,51.102154, Private, Masters, Married-civ-spouse, Sales, Husband, White, Male,6090.4697,7.4004236e-13,45.55217, United-States,0.994773
43,40.186295, Private, Bachelors, Married-spouse-absent, Exec-managerial, Not-in-family, White, Male,2470.233,165.75706,51.32036, United-States,0.6528339
44,47.115616, Private, Some-college, Married-civ-spouse, Sales, Husband, White, Male,223.5115,1027.1097,46.29746, United-States,0.9054681
45,38.13955, Private, Masters, Never-married, Exec-managerial, Not-in-family, White, Female,3384.0508,8.41744,49.333652, United-States,0.69956726
46,32.451946, Private, Some-college, Widowed, Adm-clerical, Not-in-family, White, Female,20060.318,3.2708312e-11,40.213326, United-States,0.90728545
47,61.097145, Federal-gov, HS-grad, Widowed, Exec-managerial, Not-in-family, White, Female,382.26636,3606.8743,36.263123, United-States,0.59547466
48,48.87725, Private, Bachelors, Divorced, Prof-specialty, Not-in-family, White, Female,11477.183,0.00012823229,47.607647,Other,0.93062437
49,30.073742, Private, Assoc-acdm, Married-civ-spouse, Tech-support, Wife, White, Female,20307.855,9.3763106e-08,38.779736, United-States,0.9982703
50,46.98168, Private, Masters, Separated, Exec-managerial, Not-in-family, White, Male,10897.903,1.7425227,44.142735, United-States,0.9992786
51,51.18373, Private, HS-grad, Married-civ-spouse, Sales, Husband, White, Male,10076.594,6.0544764e-10,47.678062, United-States,0.983896
52,38.18122, Private, HS-grad, Married-civ-spouse, Sales, Husband, White, Male,13322.751,5.2434706e-18,42.7992,Other,0.9510902
53,35.930275, Private, Some-college, Married-civ-spouse, Craft-repair, Wife, White, Female,16333.543,6.163323e-07,48.243607, United-States,0.99643385
54,44.589607, Private, Some-college, Married-civ-spouse, Craft-repair, Husband, White, Male,253.61919,778.1583,43.478016,Other,0.5763567
56,42.403458, Private, HS-grad, Married-civ-spouse, Exec-managerial, Husband, White, Male,237.64049,1031.2719,47.08599, United-States,0.90833163
57,52.572624, Self-emp-inc, HS-grad, Married-civ-spouse, Sales, Husband, White, Male,1926.3646,2.2876993e-06,50.29847, United-States,0.8810187
58,42.755222, Private, HS-grad, Married-civ-spouse, Transport-moving, Husband, White, Male,12861.8,5.2670523e-23,48.59445, United-States,0.991542
59,47.60809, Private, Doctorate, Divorced, Adm-clerical, Not-in-family, White, Female,1463.1156,350.50427,43.626892, United-States,0.5448756
60,51.489445, Self-emp-inc, Some-college, Married-civ-spouse, Machine-op-inspct, Husband, White, Male,2786.9077,906.35535,48.909004, United-States,0.83491373
61,38.81896, Private, Bachelors, Never-married, Exec-managerial, Not-in-family, White, Male,3614.219,18.716925,50.016056, United-States,0.6304509
62,29.82735, Private, Assoc-acdm, Separated, Adm-clerical, Not-in-family, White, Male,17543.361,3.7425212e-05,43.124416, United-States,0.9803201
63,49.34952, Self-emp-not-inc, Doctorate, Married-civ-spouse, Craft-repair, Husband, White, Male,643.82056,4.43579e-06,48.786655, United-States,0.98217493
66,55.039433, Private, HS-grad, Married-civ-spouse, Sales, Husband, White, Male,9952.466,1.713812e-11,51.02541, United-States,0.9882895
67,33.02454, Federal-gov, Some-college, Never-married, Adm-clerical, Not-in-family, White, Female,90746.91,6.1840897e-12,40.69727, United-States,1.0
68,49.94827, Self-emp-not-inc, Bachelors, Married-spouse-absent, Exec-managerial, Not-in-family, White, Male,21736.205,0.014747464,39.45109, United-States,0.9989266
70,47.585316, Federal-gov, Bachelors, Married-civ-spouse, Adm-clerical, Husband, White, Male,854.0627,204.4017,41.254715, United-States,0.9482641
71,34.80281, Private, Prof-school, Never-married, Prof-specialty, Not-in-family, Black, Male,13817.16,12.195855,43.305798, United-States,0.98207825
72,30.893488, Private, Assoc-acdm, Never-married, Exec-managerial, Own-child, White, Male,20540.992,0.00068765384,40.00013, United-States,0.74843705
73,33.903355, Private, Bachelors, Married-civ-spouse, Exec-managerial, Wife, White, Female,1139.7549,0.04411871,40.001915, United-States,0.9836031
74,51.275177, Local-gov, Prof-school, Married-civ-spouse, Farming-fishing, Husband, White, Male,13639.61,7.631001e-20,41.72603, United-States,0.9965612
75,46.218872, Private, HS-grad, Married-civ-spouse, Transport-moving, Husband, White, Male,251.832,2684.742,46.029015, United-States,0.72103167
77,51.819473, Local-gov, Some-college, Married-civ-spouse, Exec-managerial, Wife, White, Female,4241.311,6.9751586e-11,39.856472, United-States,0.97415924
78,31.256418, State-gov, Some-college, Never-married, Prof-specialty, Not-in-family, Black, Female,20190.107,9.227741e-08,35.374428, United-States,0.86489815
79,23.174652, Private, Masters, Never-married, Sales, Own-child, White, Male,31602.354,2.8466745e-18,35.0975, United-States,0.9978908
81,52.616405, Self-emp-inc, HS-grad, Widowed, Exec-managerial, Unmarried, White, Male,2626.5151,1907.4551,41.670555, United-States,0.8349591
82,49.07562, Private, Bachelors, Divorced, Exec-managerial, Not-in-family, White, Male,242.07861,2484.4163,40.940895, United-States,0.8632531
84,43.26519, Private, Bachelors, Married-civ-spouse, Craft-repair, Husband, Black, Male,778.7135,21.094297,45.11928, United-States,0.8679393
85,39.6419, Private, Masters, Separated, Tech-support, Not-in-family, White, Male,16165.889,0.020468008,46.85032, United-States,0.9997086
86,43.05309, Private, HS-grad, Divorced, Exec-managerial, Not-in-family, White, Male,1235.9225,3143.5535,46.58466, United-States,0.5595406
87,28.004345, Private, Some-college, Married-civ-spouse, Craft-repair, Husband, White, Male,14600.694,7.229425e-23,39.99718, United-States,0.9882216
88,44.792812, Private, Assoc-voc, Married-civ-spouse, Exec-managerial, Husband, White, Male,7758.831,4.3654316e-12,44.44083, United-States,0.9920254
89,40.164276, Local-gov, Masters, Never-married, Exec-managerial, Not-in-family, White, Female,532.96436,2704.3135,40.771717, United-States,0.7196496
90,45.90414, Private, Some-college, Married-civ-spouse, Sales, Husband, White, Male,1088.5957,3.696299e-07,43.61749, United-States,0.67376566
91,44.98599, Private, HS-grad, Widowed, Exec-managerial, Unmarried, White, Male,2147.2144,3135.154,42.287476, United-States,0.8172972
92,45.99618, Private, HS-grad, Married-civ-spouse, Craft-repair, Husband, White, Male,12259.278,3.111217e-27,40.00082, United-States,0.9881914
93,57.53267, Private, Masters, Widowed, Prof-specialty, Not-in-family, White, Female,4174.169,1615.7947,34.856487, United-States,0.58052194
95,47.6163, Private, Bachelors, Divorced, Sales, Unmarried, White, Male,5969.0415,11.747002,48.176537, United-States,0.9659166
96,41.03195, Self-emp-not-inc, Bachelors, Married-civ-spouse, Prof-specialty, Husband, White, Male,1379.3708,60.66361,48.112167, United-States,0.89326996
97,36.04231, Private, Bachelors, Never-married, Prof-specialty, Not-in-family, White, Female,14879.215,0.009984356,45.268253, United-States,0.94215053
98,25.317945, Private, Assoc-acdm, Never-married, Adm-clerical, Not-in-family, White, Male,25902.91,2.2306912e-08,39.918835, United-States,0.9860535
99,45.12678, Private, Some-college, Married-civ-spouse, Tech-support, Husband, White, Male,233.5817,868.9043,43.08322, United-States,0.9114262
100,53.916126, Private, 9th, Divorced, Craft-repair, Unmarried, White, Female,37780.1,0.10529348,42.95039, United-States,0.99834013
101,59.407085, Private, Masters, Divorced, Exec-managerial, Not-in-family, White, Female,677.3955,535.3525,46.07826, United-States,0.8543185
102,41.800648, Private, Prof-school, Married-civ-spouse, Prof-specialty, Husband, White, Male,1782.7173,39.317577,44.993702, United-States,0.990021
103,48.66944, Self-emp-not-inc, HS-grad, Divorced, Craft-repair, Husband, White, Male,13437.557,734.2901,45.08042,Other,0.5940322
104,48.296913, Private, Some-college, Married-civ-spouse, Adm-clerical, Husband, White, Male,889.2073,0.011942482,46.507576, United-States,0.52432567
106,23.14448, ?, HS-grad, Never-married, ?, Own-child, White, Female,38343.207,1.720737e-10,36.582863, United-States,0.98388284
107,46.58867, Private, HS-grad, Married-civ-spouse, Craft-repair, Husband, Black, Male,513.97205,2577.117,40.48639, United-States,0.91329277
108,44.309444, Private, Masters, Separated, Prof-specialty, Not-in-family, White, Female,5221.089,0.0042178943,46.185883, United-States,0.8287665
109,53.205257, Private, HS-grad, Married-civ-spouse, Sales, Husband, White, Male,13192.821,1.0171334e-10,49.39793, United-States,0.99666494
110,49.307556, Private, 11th, Married-civ-spouse, Exec-managerial, Husband, Black, Male,324.0679,1807.253,44.430244, United-States,0.9436077
111,33.503742, Private, HS-grad, Married-civ-spouse, Machine-op-inspct, Wife, White, Female,16442.951,1.5111969e-22,36.9416, United-States,0.97960943
112,46.91084, Self-emp-inc, Prof-school, Married-civ-spouse, Farming-fishing, Husband, White, Male,1004.9678,0.49887845,51.227173, United-States,0.89197886
114,34.77647, Private, Masters, Never-married, Exec-managerial, Own-child, White, Male,12378.338,0.00044978337,41.89851, United-States,0.69020706
115,55.462315, Self-emp-not-inc, HS-grad, Divorced, Exec-managerial, Not-in-family, White, Male,40190.664,0.00016190644,43.00771, United-States,0.9999888
116,44.340206, Private, Bachelors, Widowed, Sales, Unmarried, White, Female,9841.1,0.0017873363,39.720978, United-States,0.78858227
117,52.817028, Private, HS-grad, Married-civ-spouse, Sales, Husband, White, Male,10404.483,1.7105438e-10,49.34162, United-States,0.9883662
120,49.12184, Private, 11th, Married-civ-spouse, Exec-managerial, Wife, Black, Female,20500.459,0.0064865923,37.98459, United-States,0.99944323
122,39.05073, Self-emp-not-inc, 11th, Divorced, Craft-repair, Unmarried, White, Male,26861.947,0.01255899,35.530483, United-States,0.9969702
124,36.44719, Local-gov, HS-grad, Never-married, Craft-repair, Not-in-family, White, Male,28259.824,0.00043570562,40.508003, United-States,0.9976101
125,40.88837, Private, Bachelors, Never-married, Sales, Not-in-family, White, Male,3886.482,13.362391,48.237297, United-States,0.6108443
126,42.034286, Private, 10th, Divorced, Craft-repair, Wife, Black, Female,27126.836,2.470839e-06,45.742023, United-States,0.97854894
127,47.75272, Self-emp-inc, Bachelors, Divorced, Exec-managerial, Not-in-family, White, Male,5729.9424,0.47555017,50.961834, United-States,0.7695081
128,45.235577, Private, Some-college, Married-civ-spouse, Exec-managerial, Husband, White, Male,6371.524,5.223837e-10,43.96689, United-States,0.9736657
129,53.331055, Private, HS-grad, Married-civ-spouse, Sales, Husband, White, Male,12803.921,1.113036e-10,49.411144, United-States,0.9960865
130,21.997993, Private, HS-grad, Married-civ-spouse, Craft-repair, Husband, White, Male,16136.052,0.0,45.00095, United-States,0.9893008
131,41.997654, Private, Bachelors, Married-civ-spouse, Sales, Husband, White, Male,982.66486,1844.8657,48.01638, United-States,0.99823064
132,48.867065, Private, Some-college, Married-civ-spouse, Exec-managerial, Husband, White, Male,5983.8525,5.4532188e-11,49.115505, United-States,0.9833694
133,41.9986, Private, HS-grad, Married-civ-spouse, Craft-repair, Husband, White, Male,12068.126,1.9149986e-25,45.003387, United-States,0.9885189
134,47.671036, Self-emp-inc, HS-grad, Married-spouse-absent, Exec-managerial, Unmarried, White, Male,4257.1807,1344.9423,44.790394, United-States,0.53081703
135,58.05352, Local-gov, Some-college, Widowed, Exec-managerial, Not-in-family, White, Male,17458.39,0.007130387,35.0286, United-States,0.98401064
136,47.329063, Private, Masters, Divorced, Prof-specialty, Not-in-family, White, Male,8480.192,1.1205313,46.890842, United-States,0.93066424
137,44.354057, Private, Doctorate, Divorced, Adm-clerical, Not-in-family, White, Female,983.5375,1283.2627,44.202698, United-States,0.5698791
138,46.415436, Private, Masters, Widowed, Prof-specialty, Unmarried, White, Female,15622.628,0.00031313996,42.068073, United-States,0.95475185
139,43.72095, Private, Some-college, Married-civ-spouse, Exec-managerial, Husband, White, Male,9525.079,1.0081469e-09,45.18745, United-States,0.9931821
140,40.077625, Private, Assoc-voc, Married-civ-spouse, Prof-specialty, Husband, White, Male,7920.9443,1.8728759e-14,45.147278, United-States,0.99007577
141,46.693966, Private, HS-grad, Married-civ-spouse, Craft-repair, Husband, White, Male,7009.723,2.5643596e-18,38.29435, United-States,0.8733238
142,51.951492, Self-emp-inc, HS-grad, Married-civ-spouse, Sales, Husband, White, Male,1870.3652,4.0550112e-06,50.190098, United-States,0.87505746
143,44.856026, Private, Some-college, Married-civ-spouse, Machine-op-inspct, Husband, White, Male,608.22046,2616.8174,43.41769, United-States,0.80266434
144,46.48402, Private, HS-grad, Married-civ-spouse, Craft-repair, Husband, White, Male,991.4886,1944.1342,44.60534, United-States,0.8392342
145,48.315636, Self-emp-inc, HS-grad, Married-civ-spouse, Exec-managerial, Husband, White, Male,1031.1404,0.32032034,47.03054, United-States,0.82497126
146,36.999817, Private, Bachelors, Never-married, Exec-managerial, Not-in-family, White, Female,12592.608,0.0006142623,53.399075, United-States,0.99066633
147,47.256405, Private, Masters, Divorced, Adm-clerical, Not-in-family, Black, Male,7866.6055,0.85791814,45.185707, United-States,0.85324776
148,63.779224, ?, Prof-school, Married-civ-spouse, ?, Husband, White, Male,17260.18,1.3381402e-24,14.876962, United-States,0.9971329
149,51.013325, Private, 12th, Divorced, Exec-managerial, Unmarried, White, Male,8000.5903,0.66207653,46.292812, United-States,0.62028867
150,34.309658, Private, Bachelors, Married-civ-spouse, Prof-specialty, Husband, White, Male,6468.8506,0.12126178,49.921646, United-States,0.9943304
152,41.66775, Private, Bachelors, Divorced, Prof-specialty, Not-in-family, White, Male,14347.008,0.0025255575,45.01756, United-States,0.9875386
153,39.772934, Private, Bachelors, Separated, Prof-specialty, Not-in-family, White, Male,12757.412,0.30134085,44.89529, United-States,0.97999805
155,53.069763, Local-gov, Prof-school, Divorced, Prof-specialty, Not-in-family, White, Male,22662.69,0.0013407755,44.76311, United-States,0.9997645
156,45.958847, Private, Masters, Divorced, Prof-specialty, Unmarried, Black, Male,3503.1355,777.5499,46.42096, United-States,0.84613013
157,45.854958, Private, Doctorate, Divorced, Exec-managerial, Unmarried, White, Male,3120.964,321.95883,50.06311, United-States,0.99826753
158,46.036686, Private, Bachelors, Divorced, Transport-moving, Not-in-family, White, Male,25789.9,0.106389545,45.912666, United-States,0.9995977
159,19.000294, Private, HS-grad, Never-married, Tech-support, Not-in-family, White, Female,26546.73,2.2461079e-23,40.00027,Other,0.9877501
160,47.558407, Private, Bachelors, Married-civ-spouse, Machine-op-inspct, Husband, White, Male,7941.2896,5.091116e-16,43.926044, United-States,0.9857897
161,46.804646, Private, Bachelors, Divorced, Prof-specialty, Not-in-family, White, Male,14275.556,0.00048608886,45.00072, United-States,0.9895588
162,40.647705, Self-emp-not-inc, Bachelors, Married-civ-spouse, Prof-specialty, Husband, White, Male,1842.6385,669.1448,48.908833, United-States,0.9714855
163,44.983856, Private, Bachelors, Married-civ-spouse, Adm-clerical, Husband, Black, Male,10661.1,1.4301129e-06,40.018127, United-States,0.99457717
165,49.13689, Private, Some-college, Married-civ-spouse, Sales, Husband, White, Male,4277.8525,8.414041e-09,46.58028, United-States,0.9361184
166,59.825104, Private, HS-grad, Widowed, Sales, Not-in-family, White, Male,7995.562,21.735476,44.03534, United-States,0.7813307
167,38.042656, Private, Doctorate, Never-married, Prof-specialty, Not-in-family, White, Female,402.10168,1204.6707,45.79986, United-States,0.49641263
168,48.404625, Federal-gov, Bachelors, Divorced, Protective-serv, Not-in-family, White, Female,14668.194,0.51266414,44.832607, United-States,0.9928718
169,43.11012, Private, Bachelors, Married-civ-spouse, Transport-moving, Husband, White, Male,1886.3969,2.2458073e-05,44.5338, United-States,0.56325775
170,45.869724, Private, Bachelors, Divorced, Farming-fishing, Not-in-family, Black, Male,12873.931,0.73909265,43.640835, United-States,0.96505564
171,46.85192, Private, Bachelors, Married-civ-spouse, Sales, Husband, White, Male,1197.9567,5.6486056e-06,42.536865, United-States,0.96008813
174,30.969082, Private, Some-college, Never-married, Adm-clerical, Not-in-family, White, Male,21977.82,7.951334e-05,41.364, United-States,0.9705438
175,38.544678, Private, Bachelors, Married-spouse-absent, Exec-managerial, Not-in-family, White, Male,2746.0195,158.54042,51.79344, United-States,0.66153616
176,42.128647, Private, Bachelors, Married-civ-spouse, Adm-clerical, Husband, Asian-Pac-Islander, Male,94.93514,1613.022,42.61012,Other,0.8844877
177,26.554993, Private, HS-grad, Never-married, Tech-support, Not-in-family, Asian-Pac-Islander, Male,26285.53,1.9008915e-08,47.228622,Other,0.9942713
178,34.51781, Self-emp-inc, HS-grad, Married-spouse-absent, Craft-repair, Unmarried, White, Male,25858.797,0.0012355995,39.87308, United-States,0.992994
179,60.198433, Self-emp-not-inc, 9th, Married-civ-spouse, Exec-managerial, Husband, White, Male,57584.86,1.3336449e-25,42.338825, United-States,0.99999976
180,41.008694, Private, Some-college, Married-civ-spouse, Craft-repair, Husband, White, Male,11215.147,7.0278773e-31,39.99111, United-States,0.9874319
181,53.322815, State-gov, Masters, Married-civ-spouse, Exec-managerial, Husband, White, Male,1900.9869,45.025436,45.80087, United-States,0.97453713
182,27.985533, ?, 9th, Divorced, ?, Not-in-family, White, Female,39410.105,1.1432842e-10,26.941828, United-States,0.9908851
183,72.42262, ?, 10th, Married-civ-spouse, ?, Husband, White, Male,13606.366,2.4628097e-27,32.20301, United-States,0.8082566
184,42.32532, Private, HS-grad, Divorced, Prof-specialty, Unmarried, White, Male,16272.31,0.0025748098,44.624584, United-States,0.9484664
185,43.821198, Private, Prof-school, Divorced, Prof-specialty, Unmarried, Asian-Pac-Islander, Male,3835.3796,9.769348,47.60329,Other,0.6944048
186,43.379665, Private, HS-grad, Married-civ-spouse, Tech-support, Husband, White, Male,598.16,214.41109,42.87021, United-States,0.7505591
187,52.415405, Self-emp-not-inc, HS-grad, Married-civ-spouse, Protective-serv, Husband, White, Male,13293.728,2.7294509e-21,43.63938, United-States,0.9373594
188,31.44868, Private, Prof-school, Never-married, Prof-specialty, Own-child, White, Female,14973.988,1.8576884e-06,50.15871, United-States,0.6372729
189,42.956676, Private, HS-grad, Married-civ-spouse, Prof-specialty, Wife, Black, Female,2766.8416,1985.6959,41.66289, United-States,0.8560882
190,28.610151, Private, Some-college, Never-married, Craft-repair, Own-child, White, Male,95159.945,3.555613e-14,39.738586, United-States,1.0
191,44.439083, Private, HS-grad, Married-civ-spouse, Transport-moving, Husband, White, Male,84.03803,2058.6777,47.71663, United-States,0.5953198
192,22.057827, Private, HS-grad, Never-married, Adm-clerical, Own-child, White, Female,99971.38,9.2707406e-29,35.769157, United-States,1.0
193,46.491486, Private, Some-college, Divorced, Exec-managerial, Not-in-family, White, Male,746.6779,3155.0312,47.466854, United-States,0.59482723
194,56.47465, Self-emp-not-inc, Some-college, Married-civ-spouse, Sales, Husband, White, Male,13347.045,1.3319179e-15,40.76315, United-States,0.98824894
195,25.510262, Private, Bachelors, Married-civ-spouse, Adm-clerical, Wife, White, Female,11043.125,1.0983507e-08,32.095276, United-States,0.9921558
196,46.0966, Self-emp-not-inc, HS-grad, Married-civ-spouse, Adm-clerical, Wife, White, Female,7863.769,1.5368878e-10,31.805094, United-States,0.97270805
197,45.503242, Private, Some-college, Married-civ-spouse, Machine-op-inspct, Husband, White, Male,9665.205,6.9192063e-17,41.77753, United-States,0.9376698
198,42.28104, Private, HS-grad, Married-civ-spouse, Exec-managerial, Wife, White, Female,9337.816,2.458942e-12,40.04776, United-States,0.9813572
199,48.48058, State-gov, HS-grad, Married-civ-spouse, Exec-managerial, Husband, White, Male,1758.2135,407.45837,44.404716, United-States,0.6322353
201,42.67117, Private, Assoc-voc, Married-civ-spouse, Craft-repair, Husband, White, Male,579.0334,2496.3892,42.322037, United-States,0.88668466
202,38.011524, Private, Bachelors, Married-civ-spouse, Prof-specialty, Husband, White, Male,1984.1362,15.60771,44.01289, United-States,0.9415205
203,38.441135, Federal-gov, Bachelors, Married-spouse-absent, Prof-specialty, Not-in-family, White, Male,22698.037,0.035778917,44.547703,Other,0.99836105
204,35.6003, Private, Bachelors, Never-married, Prof-specialty, Not-in-family, White, Male,12867.194,0.4016443,43.728966, United-States,0.84833777
206,45.85772, Private, HS-grad, Divorced, Exec-managerial, Not-in-family, Black, Female,19251.031,0.009204735,42.71752, United-States,0.9873334
208,46.203613, Local-gov, Masters, Never-married, Exec-managerial, Not-in-family, White, Female,2000.8212,840.99927,43.767696, United-States,0.6639735
209,30.703262, Private, Assoc-acdm, Never-married, Prof-specialty, Not-in-family, White, Female,25018.781,8.096123e-12,40.003136, United-States,0.9871503
210,33.990864, Federal-gov, Bachelors, Never-married, Adm-clerical, Not-in-family, White, Female,20235.496,9.106234e-06,42.725666, United-States,0.9910635
211,37.945435, Private, Masters, Never-married, Exec-managerial, Not-in-family, White, Female,2475.6814,22.598906,49.478855, United-States,0.579049
212,45.138603, Private, Some-college, Married-civ-spouse, Sales, Husband, White, Male,1051.1991,2.113574e-06,43.386044, United-States,0.65405536
213,48.74529, Local-gov, HS-grad, Married-civ-spouse, Protective-serv, Husband, White, Male,405.78357,1945.1854,46.046455, United-States,0.964981
214,47.92046, Private, 10th, Married-civ-spouse, Craft-repair, Husband, White, Male,25738.682,1.8189614e-22,44.642635, United-States,0.99901795
215,19.821974, ?, Some-college, Never-married, ?, Own-child, White, Male,41465.375,3.4034553e-08,28.378622,Other,0.9950761
218,41.44948, Private, Masters, Never-married, Exec-managerial, Not-in-family, White, Male,3639.214,6.900506,51.58507, United-States,0.87941015
220,34.061035, Private, Prof-school, Never-married, Prof-specialty, Not-in-family, Asian-Pac-Islander, Female,12931.102,13.069708,48.046215, United-States,0.98313934
221,47.26882, Private, Bachelors, Divorced, Exec-managerial, Not-in-family, Black, Male,4258.0283,3.921103,51.416885, United-States,0.9696241
222,44.540867, Private, HS-grad, Married-civ-spouse, Craft-repair, Husband, White, Male,1389.1333,2123.5881,43.705383, United-States,0.85567915
223,44.200146, Private, Some-college, Divorced, Other-service, Not-in-family, Black, Male,20665.016,0.07693846,41.828938, United-States,0.9744873
224,48.835655, Federal-gov, HS-grad, Married-civ-spouse, Craft-repair, Husband, White, Male,793.84296,184.52443,40.456253, United-States,0.76477015
225,47.261806, Private, Bachelors, Married-civ-spouse, Machine-op-inspct, Husband, White, Male,6395.0107,7.8291356e-16,43.669518, United-States,0.9693859
226,23.002583, Private, HS-grad, Married-civ-spouse, Handlers-cleaners, Wife, White, Female,22857.078,0.0,27.89249, United-States,0.9865761
227,37.54948, Private, Some-college, Divorced, Exec-managerial, Not-in-family, White, Male,33893.33,1.6499484e-05,43.700085, United-States,0.99997854
229,22.001823, Private, HS-grad, Married-civ-spouse, Adm-clerical, Husband, Black, Male,20516.592,1.4580167e-24,39.999, United-States,0.99677974
230,45.804016, Local-gov, Bachelors, Married-civ-spouse, Prof-specialty, Husband, White, Male,6653.8384,1.1933629e-16,41.906387, United-States,0.95172405
231,53.857925, Federal-gov, Some-college, Married-civ-spouse, Adm-clerical, Husband, Black, Male,6180.3745,0.0061510834,39.987015, United-States,0.9830429
232,46.37231, Private, HS-grad, Divorced, Exec-managerial, Not-in-family, Black, Male,6856.715,42.47262,48.66176, United-States,0.82576436
234,49.186047, Private, Some-college, Married-civ-spouse, Sales, Husband, White, Male,2175.0388,2.2132106e-07,45.809933, United-States,0.8368014
236,45.972786, Private, Some-college, Married-civ-spouse, Prof-specialty, Husband, White, Male,1621.7795,8.620157e-07,43.066704, United-States,0.7495197
237,36.64491, Private, HS-grad, Separated, Exec-managerial, Unmarried, White, Male,1065.0696,2872.4653,44.183075, United-States,0.73851615
238,47.948322, Private, HS-grad, Married-civ-spouse, Other-service, Husband, White, Male,9781.52,2.2569958e-18,44.500042, United-States,0.5769426
239,39.34522, Private, Masters, Never-married, Exec-managerial, Not-in-family, White, Male,737.3488,2295.9548,47.629234, United-States,0.8822313
240,42.212154, Private, HS-grad, Married-civ-spouse, Machine-op-inspct, Husband, White, Male,520.3813,2154.3674,43.689617, United-States,0.69549054
241,38.998817, Private, Some-college, Married-civ-spouse, Craft-repair, Husband, White, Male,11729.722,1.0915046e-31,39.994106, United-States,0.9878507
242,43.74121, Private, HS-grad, Married-civ-spouse, Craft-repair, Husband, White, Male,1039.25,1824.4498,41.507603, United-States,0.7569202
244,41.603416, Private, Assoc-acdm, Separated, Exec-managerial, Unmarried, White, Male,16591.984,0.026362887,49.258144, United-States,0.99854565
245,22.775253, Private, Bachelors, Never-married, Handlers-cleaners, Not-in-family, White, Male,26705.299,1.2988494e-12,37.256733, United-States,0.99508864
246,39.71323, Local-gov, Bachelors, Separated, Prof-specialty, Unmarried, Black, Male,14666.613,0.12614918,41.25575,Other,0.9554912
248,31.03509, Private, Bachelors, Never-married, Adm-clerical, Not-in-family, White, Male,19944.033,0.00015535978,43.285046, United-States,0.98546094
249,48.816032, Self-emp-not-inc, HS-grad, Married-civ-spouse, Sales, Husband, White, Male,14867.6,1.4696547e-23,56.37211,Other,0.96989465
250,28.121988, Private, Bachelors, Never-married, Other-service, Unmarried, White, Male,21220.05,9.111015e-09,43.702606, United-States,0.9723548
251,52.159557, Self-emp-not-inc, Masters, Married-civ-spouse, Farming-fishing, Husband, White, Male,18367.88,4.3214507e-23,50.4409, United-States,0.9980506
252,47.354687, Private, Some-college, Married-civ-spouse, Craft-repair, Husband, White, Male,2203.1416,614.441,46.360783, United-States,0.8869677
253,51.170475, ?, Bachelors, Married-civ-spouse, ?, Husband, White, Male,5926.0273,2.011859e-19,33.978268, United-States,0.81610495
254,33.17777, Private, Bachelors, Married-civ-spouse, Sales, Other-relative, White, Female,24644.203,6.8711914e-13,31.822538, United-States,0.9979055
256,47.402893, Private, Some-college, Married-spouse-absent, Other-service, Not-in-family, White, Male,28015.658,0.07747498,43.60349, United-States,0.99188554
257,50.46526, Private, HS-grad, Married-civ-spouse, Craft-repair, Husband, White, Male,11230.314,1.0070295e-18,44.939907, United-States,0.9896706
258,52.00048, Private, Bachelors, Married-civ-spouse, Exec-managerial, Husband, White, Male,6040.959,0.25755212,44.118885,Other,0.9969856
259,38.133743, Private, HS-grad, Separated, Machine-op-inspct, Unmarried, White, Male,21383.72,0.36172408,39.898987,Other,0.95760286
260,43.157124, Local-gov, Some-college, Divorced, Prof-specialty, Unmarried, White, Female,38787.414,4.8830025e-05,38.68299, United-States,0.99982184
261,45.044716, Private, HS-grad, Married-civ-spouse, Craft-repair, Not-in-family, White, Male,1453.3529,2977.695,44.206493, United-States,0.7886449
262,47.48146, Self-emp-not-inc, Prof-school, Married-civ-spouse, Farming-fishing, Husband, White, Male,17656.416,3.1756778e-21,48.174404, United-States,0.99698573
263,47.4503, Private, HS-grad, Married-civ-spouse, Craft-repair, Husband, White, Male,1447.845,1562.2125,44.713806, United-States,0.8361112
265,54.602448, Private, HS-grad, Married-civ-spouse, Craft-repair, Husband, White, Male,11008.169,6.6434985e-20,41.26822, United-States,0.9880266
267,35.99593, Private, Masters, Never-married, Exec-managerial, Not-in-family, White, Female,3048.0012,290.58743,45.997025, United-States,0.6642002
269,56.056244, Private, Doctorate, Divorced, Prof-specialty, Not-in-family, White, Female,18912.936,0.00032556686,39.981613, United-States,0.9994854
270,35.703533, Local-gov, HS-grad, Married-civ-spouse, Farming-fishing, Husband, White, Male,17290.38,0.0,52.439884, United-States,0.98359066
271,43.070904, Private, Bachelors, Married-civ-spouse, Exec-managerial, Unmarried, White, Male,541.373,336.00482,46.717102, United-States,0.9829816
272,44.0458, Private, HS-grad, Married-civ-spouse, Transport-moving, Husband, White, Male,63.56691,2227.0835,47.441486, United-States,0.612652
273,45.824013, Private, Bachelors, Divorced, Craft-repair, Not-in-family, White, Male,11052.864,0.29475206,45.098648, United-States,0.9686623
274,43.50861, Private, Masters, Married-civ-spouse, Prof-specialty, Not-in-family, White, Male,91.67862,2422.563,44.90787,Other,0.9489174
275,41.20824, Private, Bachelors, Divorced, Prof-specialty, Not-in-family, White, Male,14170.821,0.49733475,48.461033, United-States,0.98893553
276,43.768604, Private, HS-grad, Married-civ-spouse, Craft-repair, Husband, White, Male,238.76637,2647.7769,46.063663, United-States,0.84663534
277,44.510124, Private, Masters, Divorced, Prof-specialty, Not-in-family, White, Female,3458.6326,1684.9786,43.28156, United-States,0.62242496
278,39.788864, Private, Assoc-voc, Divorced, Exec-managerial, Unmarried, White, Male,10162.237,0.298976,44.470108, United-States,0.93660647
279,44.98862, Self-emp-not-inc, HS-grad, Widowed, Prof-specialty, Unmarried, White, Female,22324.377,7.6657864e-07,39.783936,Other,0.9871017
281,57.08304, Federal-gov, HS-grad, Widowed, Exec-managerial, Unmarried, White, Female,642.2166,3416.006,35.17451, United-States,0.54105324
282,34.299828, Private, 10th, Married-civ-spouse, Other-service, Wife, White, Female,34053.7,6.420463e-26,29.209246, United-States,0.99494225
283,44.092422, Private, HS-grad, Married-civ-spouse, Transport-moving, Husband, White, Male,1176.7301,2448.5364,46.824955, United-States,0.7650565
284,41.51215, Private, Bachelors, Never-married, Sales, Not-in-family, White, Male,3952.869,13.74111,48.061066, United-States,0.6277716
285,45.4063, Self-emp-not-inc, Bachelors, Divorced, Protective-serv, Not-in-family, Black, Male,9405.033,7.449539e-05,44.15654, United-States,0.92726845
287,48.30259, Local-gov, Prof-school, Married-civ-spouse, Farming-fishing, Husband, White, Male,7538.386,9.159779e-18,41.27045, United-States,0.9635491
288,44.000458, Private, Some-college, Married-civ-spouse, Craft-repair, Husband, White, Male,16602.307,1.0315345e-21,60.019947, United-States,0.9994918
289,47.80288, Private, Some-college, Divorced, Exec-managerial, Not-in-family, White, Male,7871.048,0.25361425,49.363186, United-States,0.75760835
290,47.890667, Federal-gov, Some-college, Married-civ-spouse, Exec-managerial, Husband, White, Male,885.08093,43.523533,40.820347, United-States,0.933903
291,52.22152, Private, HS-grad, Married-civ-spouse, Craft-repair, Husband, White, Male,10142.874,2.7152077e-25,47.78125, United-States,0.98759276
292,51.166344, Self-emp-not-inc, Some-college, Married-civ-spouse, Sales, Husband, White, Male,5338.5396,5.6553828e-11,43.55361, United-States,0.6439714
293,68.65654, Private, Assoc-acdm, Married-spouse-absent, Other-service, Unmarried, White, Female,71891.72,6.866977e-08,40.20413,Other,0.99999964
294,48.303753, Private, Some-college, Married-civ-spouse, Sales, Husband, White, Male,6429.7866,5.015844e-10,46.327435, United-States,0.9733228
295,40.304787, Private, HS-grad, Divorced, Craft-repair, Unmarried, White, Male,21329.943,1.5357604,43.161144,Other,0.9863643
296,23.999554, Private, HS-grad, Married-civ-spouse, Craft-repair, Husband, White, Male,16318.561,0.0,40.000877, United-States,0.9890559
298,48.111923, Private, HS-grad, Married-civ-spouse, Exec-managerial, Husband, White, Male,1056.7377,2.6067823e-05,47.346115, United-States,0.75859344
299,24.012274, Private, HS-grad, Never-married, Tech-support, Not-in-family, Asian-Pac-Islander, Female,26987.324,5.1708014e-14,43.449234,Other,0.98459387
