id,age,workclass,education,marital.status,occupation,relationship,race,sex,capital.gain,capital.loss,hours.per.week,native.country,target_prob
0,47.92209208011628, Private, Bachelors, Married-civ-spouse, Transport-moving, Husband, Black, Male,154.99478740571067,914.5275955796242,42.96702945232392, United-States,0.5533677
1,40.974754512310035, Private, HS-grad, Married-civ-spouse, Exec-managerial, Husband, White, Male,260.13830840424635,0.0070335844688997895,46.76993483304978, United-States,0.51042074
2,17.621252576820552, Private, Some-college, Never-married, Adm-clerical, Own-child, White, Female,41099.730404645205,3.3846987583939304e-13,29.235339581966404, United-States,0.9945127
3,44.11236959695817, Private, Bachelors, Married-civ-spouse, Tech-support, Husband, White, Male,56.60145402926719,1212.7953186035156,39.63606828451157, United-States,0.98046446
4,35.01842150092125, Local-gov, Masters, Never-married, Exec-managerial, Unmarried, Black, Male,533.6397048365325,0.5349680338986218,42.74839419126511, United-States,0.61239463
5,36.576877683401115, Private, Some-college, Married-civ-spouse, Prof-specialty, Wife, White, Female,592.1916489740834,5.971002293284982,35.880979418754585, United-States,0.61517555
6,45.73112604022027, Private, Assoc-acdm, Married-civ-spouse, Craft-repair, Husband, White, Male,176.1501502089668,359.7612884938717,41.56157088279725, United-States,0.593994
7,40.21995589137078, Private, HS-grad, Married-civ-spouse, Adm-clerical, Wife, White, Female,262.1393746433314,1300.8299396038055,37.96532034873963, United-States,0.6862691
8,48.3573561012745, Local-gov, Masters, Married-civ-spouse, Tech-support, Husband, White, Male,271.80368220526725,5.545448279008269,38.04300612211228, United-States,0.97025687
9,41.314698129892356, Private, HS-grad, Married-civ-spouse, Tech-support, Husband, White, Male,697.2347511202097,1.4266841052296142e-08,41.42954683303834, United-States,0.6100549
10,35.277090191841125, State-gov, Doctorate, Never-married, Prof-specialty, Not-in-family, White, Male,11906.07487989217,0.04542095195574802,39.84314370155335, United-States,0.95907927
11,40.49753028154374, Private, HS-grad, Married-civ-spouse, Adm-clerical, Wife, White, Female,622.1698778076097,0.9139865940087475,37.88548207283021, United-States,0.49733287
12,40.37179324030877, Private, HS-grad, Married-civ-spouse, Machine-op-inspct, Husband, White, Male,147.01665742776822,2388.0371403694153,40.08922410011292, United-States,0.6111781
13,39.129523456096656, Private, Some-college, Married-civ-spouse, Tech-support, Wife, Black, Female,189.73768473300152,1062.241530239582,36.393453180789955, United-States,0.5791849
14,43.42613404989243, ?, Masters, Married-civ-spouse, ?, Wife, White, Female,122.51361925795209,1208.6826553344727,30.42783182859421, United-States,0.9301567
15,38.08817839622498, Private, Prof-school, Never-married, Prof-specialty, Not-in-family, White, Male,5075.244516536593,0.06306386484357063,46.86952823400498,Other,0.58569354
16,37.233656018972404, Private, Masters, Never-married, Exec-managerial, Not-in-family, White, Male,686.3972915257327,299.1376720368862,47.6112683415413, United-States,0.5663506
17,44.5350892841816, Private, HS-grad, Married-civ-spouse, Tech-support, Husband, Black, Male,1367.9119870159775,49.2491020783782,42.10898995399476, United-States,0.698207
18,41.383948683738716, Private, HS-grad, Married-civ-spouse, Craft-repair, Husband, White, Male,275.1729174738284,1212.1541429758072,43.42116659879685, United-States,0.51346767
19,42.90637961030007, Self-emp-not-inc, Doctorate, Never-married, Prof-specialty, Not-in-family, White, Male,978.1930564222857,12.240317299962044,43.643207311630256, United-States,0.8792499
20,43.44032311439515, Self-emp-not-inc, Assoc-acdm, Married-civ-spouse, Transport-moving, Wife, White, Female,79.88768485741457,541.4786919057369,38.893522083759315, United-States,0.7229806
21,41.28942453861237, Self-emp-not-inc, Doctorate, Never-married, Sales, Not-in-family, White, Male,487.3116197800264,86.47233959287405,45.199516296386726, United-States,0.9097723
22,37.20659628510476, Local-gov, Some-college, Married-civ-spouse, Protective-serv, Husband, White, Male,209.20427391654812,0.0004251054295139056,44.454277276992805, United-States,0.7673323
23,41.65699136257172, Private, HS-grad, Married-civ-spouse, Exec-managerial, Husband, White, Male,178.02419696061406,26.23508045822382,45.14396888017655, United-States,0.49886936
24,57.39820724725724, ?, HS-grad, Married-civ-spouse, ?, Husband, White, Male,167.93788807711098,2586.7795157432556,30.86174070835114, United-States,0.50678545
25,41.55086925625802, Local-gov, Bachelors, Married-civ-spouse, Prof-specialty, Husband, White, Male,515.3712967294268,0.02288990602028207,42.459771931171424, United-States,0.50018924
26,43.35337865352631, Private, Prof-school, Separated, Tech-support, Not-in-family, White, Male,225.81459517590702,59.78946501016617,41.25648212432862, United-States,0.86767775
27,37.977822631597526, Private, Bachelors, Married-civ-spouse, Machine-op-inspct, Husband, White, Male,28.73852864775108,1183.5202442407608,41.02225655317307, United-States,0.75484014
28,44.223499864339836, Private, HS-grad, Married-civ-spouse, Craft-repair, Husband, White, Male,80.56494168180507,1564.9095264673233,43.01961827278138, United-States,0.63363063
29,42.850639343261726, Private, HS-grad, Married-civ-spouse, Exec-managerial, Husband, White, Male,365.6208972784225,1.1018937070621178,44.627943634986885, United-States,0.52900547
30,43.93120339512826, Private, Bachelors, Married-civ-spouse, Tech-support, Husband, White, Male,163.052090652287,0.9487011103774421,39.385595262050636, United-States,0.9033228
31,34.64117556810379, Federal-gov, Doctorate, Never-married, Prof-specialty, Not-in-family, White, Male,252.86095673125237,337.3396143615246,38.82532250881196, United-States,0.5411232
32,45.13355147838593, Private, Bachelors, Married-civ-spouse, Craft-repair, Husband, White, Male,186.2060517144855,0.5449180072755553,42.96784722805024,Other,0.5287559
33,41.6840402185917, Private, Bachelors, Married-civ-spouse, Tech-support, Husband, Black, Male,230.05141859594733,151.82930789887905,36.38393485546113, United-States,0.8668734
34,62.418995320796974, Self-emp-inc, Masters, Widowed, Exec-managerial, Not-in-family, White, Female,1204.2018304131925,3.331390210893005,44.94792759418488, United-States,0.5253135
35,18.17927032150328, Private, Some-college, Never-married, Other-service, Own-child, White, Male,56045.88371318579,5.322433503034215e-16,25.614073872566227, United-States,0.99980825
36,38.46527639031411, Private, HS-grad, Married-civ-spouse, Sales, Husband, White, Male,3353.6966793201864,9.361585660593872e-27,45.54211175441743, United-States,0.5067158
37,41.79425892233849, Private, Some-college, Married-civ-spouse, Tech-support, Wife, White, Female,755.0577563680708,0.4764616022002883,35.9973927140236, United-States,0.69583184
38,40.48222297430039, Private, Masters, Separated, Prof-specialty, Not-in-family, White, Male,1479.3381239930168,18.784557837992907,44.706193089485176, United-States,0.59330034
39,47.60339507460595, Private, Masters, Married-spouse-absent, Exec-managerial, Not-in-family, White, Male,1488.4188939481974,38.8254544660449,47.612757861614234,Other,0.491543
40,18.37910984456539, Private, Some-college, Never-married, Adm-clerical, Own-child, White, Female,53248.83855807781,4.0615688674473097e-13,23.418013095855716, United-States,0.99985516
41,49.63336026668549, Private, HS-grad, Married-civ-spouse, Craft-repair, Husband, White, Male,10509.229411259294,2.369683770543057e-17,42.31759577989579, United-States,0.9824431
42,49.45596650242806, Private, HS-grad, Married-civ-spouse, Sales, Husband, White, Male,3267.4064078740776,7.239786753954848e-12,44.69231134653092, United-States,0.61595595
43,32.21483792364597, Private, Doctorate, Never-married, Exec-managerial, Not-in-family, White, Female,552.5956549588591,47.59904685616493,45.86421900987626, United-States,0.89080876
44,45.41423693299294, Private, Some-college, Married-civ-spouse, Sales, Not-in-family, White, Male,186.25452656974085,370.4544077217579,45.305251777172096, United-States,0.6279478
45,37.68372261524201, Private, Masters, Never-married, Exec-managerial, Not-in-family, White, Female,2267.816708665341,20.575253600254655,47.85729908943177, United-States,0.51347375
46,41.89388912916184, Private, Masters, Separated, Tech-support, Not-in-family, White, Male,882.679710354656,39.95272485539317,38.121608972549446, United-States,0.6689672
47,42.404899954795845, Local-gov, HS-grad, Married-civ-spouse, Adm-clerical, Wife, White, Female,34.11967995489249,563.9422001838684,35.50784003734589, United-States,0.5126901
48,46.390134334564216, Private, Doctorate, Separated, Prof-specialty, Not-in-family, White, Female,334.16283495537937,0.5180886589223519,43.066990852355964,Other,0.5804979
49,17.81017828732729, Private, Some-college, Never-married, Other-service, Own-child, White, Male,35404.45924150944,6.203333962017276e-16,24.007928758859638, United-States,0.78094125
50,41.83544462919236, Private, HS-grad, Married-civ-spouse, Transport-moving, Husband, White, Male,163.75827057415154,2058.279956817627,46.28912067413331, United-States,0.5307935
51,42.79046744108201, Private, HS-grad, Married-civ-spouse, Sales, Husband, White, Male,371.01494727423415,769.713036596775,45.30024582147599, United-States,0.5232707
52,43.62670415639878, Private, HS-grad, Married-civ-spouse, Machine-op-inspct, Husband, White, Male,8403.657530911267,6.295613007960361e-17,41.86656033992768,Other,0.631235
53,34.82210136950016, Private, Bachelors, Married-civ-spouse, Sales, Husband, White, Male,112.08769535226747,134.4420356824994,41.064772129058845, United-States,0.8609139
54,42.93795800209046, Private, Some-college, Married-civ-spouse, Craft-repair, Husband, Other, Male,691.1877806796692,31.16434933617711,41.026777684688575, United-States,0.53332746
55,17.109811005415395, ?, 10th, Never-married, ?, Own-child, White, Female,44620.43129557371,7.945535308542113e-18,21.942858129739765, United-States,0.96182513
56,40.84423992037774, Private, HS-grad, Married-civ-spouse, Exec-managerial, Husband, White, Male,560.9115838981234,0.003137111373234802,45.63955557346345, United-States,0.5261089
57,47.77379003167153, Self-emp-inc, HS-grad, Married-civ-spouse, Sales, Husband, White, Male,601.7321151550859,0.023759026787956827,46.89001643657685, United-States,0.7013993
58,40.71859425306321, Private, HS-grad, Married-civ-spouse, Tech-support, Husband, White, Male,388.43916647555307,0.0003045831519159492,42.600642561912544, United-States,0.573154
59,39.70056694746018, Private, Some-college, Married-civ-spouse, Adm-clerical, Wife, White, Female,127.18890496145468,224.9385669529438,39.910770833492286, United-States,0.60427415
60,48.36641082167626, Self-emp-inc, Some-college, Married-civ-spouse, Exec-managerial, Husband, White, Male,1288.8704992085695,3.32125013647601,45.99592179059983, United-States,0.9061339
61,41.766796708107, Private, Bachelors, Divorced, Exec-managerial, Not-in-family, White, Male,2331.104473868385,4.281363457906991,46.09099406003953, United-States,0.6374492
62,41.5291070342064, Private, Some-college, Married-civ-spouse, Craft-repair, Husband, White, Male,98.0905925387051,891.706468641758,38.69591826200486, United-States,0.50987583
63,45.89099124073983, Private, Some-college, Married-civ-spouse, Craft-repair, Husband, White, Male,418.65455423109233,0.317081245186273,43.75834429264069, United-States,0.509443
64,39.21403780579568, Private, HS-grad, Married-civ-spouse, Machine-op-inspct, Husband, White, Male,113.44029980886262,2158.233771800995,41.41301023960114, United-States,0.5544289
65,45.759406268596656, Federal-gov, Prof-school, Never-married, Prof-specialty, Not-in-family, White, Female,1884.150848614052,121.0230437591672,41.88682949543, United-States,0.7897413
66,41.55459383130074, Private, HS-grad, Married-civ-spouse, Sales, Husband, White, Male,323.20265155588277,1096.0605912208557,45.2857478260994, United-States,0.62169915
67,39.574805974960334, Federal-gov, Some-college, Married-civ-spouse, Tech-support, Husband, White, Male,188.84392667887732,0.0849138210323872,36.710674226284034, United-States,0.78044164
68,33.97684909403324, Private, Doctorate, Never-married, Exec-managerial, Not-in-family, White, Female,498.55638922937214,71.00366925448179,45.19795668125153, United-States,0.9032754
69,41.333040356636054, Federal-gov, Prof-school, Never-married, Prof-specialty, Not-in-family, Black, Male,580.2418753858656,28.52850808762014,40.493719339370735, United-States,0.5518773
70,45.17234405875207, Federal-gov, Bachelors, Married-civ-spouse, Adm-clerical, Not-in-family, White, Male,189.92615925427526,415.3127176165581,40.71901947259904, United-States,0.7430189
71,37.8119724392891, Private, Masters, Separated, Prof-specialty, Not-in-family, White, Male,1588.283428704366,4.479958001989871,43.62756150960923, United-States,0.54558104
72,40.65044018626214, Private, HS-grad, Married-civ-spouse, Craft-repair, Husband, White, Male,253.3027251767926,1673.611448764801,40.53075289726258, United-States,0.561739
73,29.316142797470093, Private, Doctorate, Never-married, Exec-managerial, Not-in-family, White, Female,270.9784920900129,225.2885262966156,42.982739508152015, United-States,0.8584705
74,42.00421661138535, Private, Bachelors, Married-civ-spouse, Craft-repair, Husband, White, Male,298.29279247066006,8.130451676913175e-07,41.138056516647346, United-States,0.7051487
75,42.60825696587563, Private, HS-grad, Married-civ-spouse, Exec-managerial, Husband, White, Male,333.95768992672674,51.99101958051324,44.81317275762559, United-States,0.55038667
76,39.754803895950324, Private, HS-grad, Married-civ-spouse, Adm-clerical, Wife, White, Female,159.55148200679105,403.4446398317814,38.29854935407639, United-States,0.54125136
77,37.8281456232071, Local-gov, Some-college, Married-civ-spouse, Exec-managerial, Wife, White, Female,397.16207931004465,0.0030021008194580645,30.410188317298893, United-States,0.66430527
78,39.46034055948258, Private, Some-college, Married-civ-spouse, Adm-clerical, Wife, Black, Female,2165.2958822250366,0.013535038355257711,39.89337849617005, United-States,0.5303476
79,43.25681599974633, Private, Some-college, Married-civ-spouse, Craft-repair, Husband, Black, Male,627.0766879878938,28.286838004365563,44.87337857484818, United-States,0.6788514
80,56.71274185180665, Federal-gov, Prof-school, Widowed, Prof-specialty, Not-in-family, White, Female,860.690472939983,1094.7068395614624,37.38125616312028, United-States,0.8712591
81,42.94919481873513, Local-gov, HS-grad, Married-civ-spouse, Adm-clerical, Wife, White, Female,118.45953114121221,1385.8579545021057,35.21704483032227, United-States,0.6674794
82,38.507053852081306, Private, Bachelors, Married-civ-spouse, Machine-op-inspct, Husband, White, Male,61.102491021563765,1145.528998017311,39.96092385053635, United-States,0.7392176
83,36.22942399978638, Private, HS-grad, Separated, Tech-support, Not-in-family, White, Male,6799.264804199338,5.741276057437062,41.646675050258644, United-States,0.5258694
84,37.86298301815987, Private, Some-college, Married-civ-spouse, Craft-repair, Husband, Black, Male,458.67979052849114,0.008097148859633307,44.84027618169785, United-States,0.5104528
85,41.752157300710685, Private, HS-grad, Married-civ-spouse, Tech-support, Wife, White, Female,118.58529335574713,1324.966391801834,36.48694247007371, United-States,0.79222816
86,37.661103218793876, Private, HS-grad, Married-civ-spouse, Tech-support, Wife, White, Female,272.39266799460165,1677.869768857956,38.79795330762864, United-States,0.8308328
87,41.69247272610665, Private, Some-college, Married-civ-spouse, Craft-repair, Husband, White, Male,1692.6642739903182,1.9169177322879283e-13,44.160646140575416, United-States,0.5637398
88,40.81296610832215, Private, Assoc-voc, Married-civ-spouse, Exec-managerial, Husband, White, Male,1282.1484663505107,0.0002861937812497217,45.79284763336182, United-States,0.7965952
89,17.14352045254782, ?, HS-grad, Never-married, ?, Own-child, White, Female,44179.85306838155,2.423950144422117e-21,28.440595924854282, United-States,0.9961547
90,42.67397221922875, Private, Some-college, Married-civ-spouse, Sales, Husband, White, Male,226.71247429121286,116.99906303733587,41.527478396892555, United-States,0.5214207
91,43.08222436904908, Private, HS-grad, Married-civ-spouse, Sales, Husband, White, Male,257.75256322254427,960.1181815266609,41.29648596048356, United-States,0.51191396
92,41.18742513656617, Private, HS-grad, Married-civ-spouse, Craft-repair, Husband, White, Male,156.5393820911413,1374.8325637578964,44.608252763748176, United-States,0.56265014
93,43.90354102849961, Private, Bachelors, Married-civ-spouse, Tech-support, Not-in-family, White, Female,393.1652087518014,347.54188826680183,40.67910325527192, United-States,0.7946971
94,45.22833234071732, Private, HS-grad, Married-civ-spouse, Exec-managerial, Unmarried, White, Male,373.7416928065941,462.1318448781967,42.03779673576356, United-States,0.58940905
95,40.79409739375115, Private, Bachelors, Married-civ-spouse, Sales, Unmarried, White, Female,253.81878913776018,626.2624200582504,40.81628513336182, United-States,0.6224649
96,36.50589102506638, Local-gov, Bachelors, Married-civ-spouse, Prof-specialty, Wife, White, Female,628.4684890913777,1016.0952544212341,43.91899049282075, United-States,0.9793266
97,19.515854444354773, Private, Some-college, Never-married, Adm-clerical, Own-child, White, Female,35287.06608733535,1.1731532175394965e-08,26.5076077580452, United-States,0.9553674
98,43.69664871692658, Private, Some-college, Married-civ-spouse, Craft-repair, Husband, White, Male,316.9883474051021,2690.748629808426,43.63683158159257, United-States,0.8892174
99,39.04040995240212, Private, Some-college, Married-civ-spouse, Tech-support, Husband, White, Male,123.08711032290012,271.3991668224335,38.05005943775178, United-States,0.61389726
