id,age,job,marital,education,default,balance,housing,loan,contact,day,month,duration,campaign,pdays,previous,poutcome,target_prob
1,27.376234,admin.,married,secondary,no,28889.18,no,yes,telephone,36.318897,jul,1486.7434,-14.217712,230.14618,15.478973,unknown,0.5285375
2,37.37788,services,single,secondary,no,-8096.762,yes,no,cellular,12.695192,apr,1204.2583,-10.735983,115.23735,10.398863,unknown,0.5245564
3,17.376947,management,married,secondary,no,23735.098,no,no,cellular,24.43794,jul,1139.3923,-9.102411,175.34717,11.530121,unknown,0.55340606
4,36.299007,services,married,secondary,no,22235.348,no,no,unknown,13.899355,jun,1476.5883,-9.681414,144.53458,9.662899,unknown,0.5370791
5,39.454678,management,married,tertiary,no,5994.838,yes,no,cellular,27.670671,nov,1617.3398,-18.703205,256.16403,17.715466,unknown,0.5353512
8,17.026196,blue-collar,single,secondary,no,-17815.264,yes,no,cellular,12.758618,feb,1534.0294,-12.87689,386.9854,17.998152,failure,0.5191209
9,7.4107294,technician,single,secondary,no,30101.639,no,no,unknown,10.763176,jun,1406.7374,-10.850545,231.26843,15.279104,unknown,0.5427264
10,9.770334,admin.,married,secondary,no,46588.105,no,yes,unknown,24.556784,may,2577.1064,-31.088385,423.78848,28.064566,unknown,0.5250899
11,43.499283,management,single,tertiary,no,-11162.6455,yes,no,cellular,21.387634,apr,906.7939,-5.873246,71.134766,7.9188375,unknown,0.53611255
12,32.737606,technician,single,tertiary,no,32792.76,no,yes,cellular,32.499477,jan,1729.4197,-15.740116,220.70969,15.210925,unknown,0.52423716
13,39.931293,admin.,married,secondary,no,-9575.826,no,no,cellular,20.52783,apr,905.07184,-6.21727,413.0568,9.3831625,failure,0.5434297
14,22.924417,management,married,tertiary,no,44444.883,yes,no,unknown,42.30172,may,2260.144,-23.848225,368.8148,25.490145,unknown,0.5192043
15,36.276443,blue-collar,married,primary,no,18359.594,yes,yes,cellular,14.552993,aug,1864.9587,-19.270748,281.66214,19.24421,unknown,0.5131343
16,8.758685,unemployed,married,primary,no,61200.15,yes,no,unknown,21.749544,may,2450.814,-29.558079,415.16772,26.602926,unknown,0.5229851
17,40.673832,unemployed,married,secondary,no,21569.818,no,no,cellular,33.896374,jan,1023.46204,-11.011019,160.02135,10.575144,unknown,0.52667606
18,18.46289,admin.,single,secondary,no,23729.152,yes,yes,cellular,29.938417,aug,1625.8153,-18.38426,251.33434,17.305092,unknown,0.5283067
19,24.905478,student,single,tertiary,no,18650.93,no,no,cellular,30.847385,aug,969.5868,-7.0433083,136.7008,8.968085,unknown,0.5036191
20,46.205055,retired,married,secondary,no,19289.303,no,no,cellular,33.254684,aug,1253.8531,-4.218001,151.23248,9.995755,unknown,0.5142042
21,35.4972,technician,single,secondary,no,15878.772,no,no,cellular,23.27272,nov,1529.7083,-5.9748335,120.6941,7.89985,unknown,0.5065406
22,29.30019,student,single,tertiary,no,25429.33,no,no,cellular,21.895803,oct,245.80486,-0.8508333,23.857548,1.6409947,unknown,0.5516171
23,47.85554,management,married,tertiary,no,-17805.207,yes,no,cellular,16.63652,may,1710.7366,-17.26687,480.60214,21.969707,failure,0.5273887
24,52.017487,management,married,tertiary,no,-16555.324,yes,no,cellular,16.417982,may,1809.5398,-15.953481,547.11597,16.976007,failure,0.535944
25,33.406086,management,single,tertiary,no,12889.777,no,no,cellular,25.480606,jul,1448.8787,0.93755305,40.09713,2.718742,unknown,0.5056709
26,18.136095,technician,single,secondary,no,25657.156,no,no,cellular,33.487064,aug,1335.4291,-6.1295557,191.10602,12.645129,unknown,0.53958404
27,15.00417,blue-collar,married,primary,no,-5164.642,yes,no,cellular,16.146927,may,1680.4348,-16.060478,241.39534,16.331951,unknown,0.52643174
29,26.349169,student,single,unknown,no,7090.4473,no,no,cellular,21.067604,apr,569.83344,-1.2578362,420.3705,5.738949,failure,0.5113684
30,16.765287,technician,single,secondary,no,23152.477,no,no,cellular,29.047302,may,1612.262,-12.299964,403.46808,15.392884,failure,0.5417756
31,25.887274,admin.,married,primary,no,33640.426,yes,no,telephone,30.664984,jul,1628.5713,-10.464965,260.4886,17.397652,unknown,0.51116765
32,25.625917,management,single,tertiary,no,15912.367,no,no,cellular,17.044989,aug,1074.3809,-7.2986875,111.47538,7.2919416,unknown,0.5286286
33,26.337166,technician,single,tertiary,no,25402.02,yes,no,unknown,27.53462,may,2399.5847,-26.812965,341.11017,25.65326,unknown,0.5293088
36,13.06084,blue-collar,married,secondary,no,46252.688,yes,no,unknown,20.739397,may,2570.249,-21.25859,353.2105,24.21001,unknown,0.50687075
37,38.409214,housemaid,married,tertiary,no,23440.059,no,no,cellular,15.015641,aug,1144.7186,-7.996505,187.41805,12.345027,unknown,0.5166363
38,11.443252,admin.,married,secondary,yes,60028.008,no,no,unknown,27.95273,may,2926.2778,-28.563066,455.5233,29.501162,unknown,0.5319881
39,40.315987,blue-collar,married,secondary,no,22505.15,no,no,unknown,11.27187,jun,1337.3323,-11.4233885,166.07654,11.1794405,unknown,0.5517951
41,29.850317,management,married,tertiary,no,44632.273,yes,yes,telephone,37.487144,jul,2341.312,-8.608811,244.05472,16.915285,unknown,0.5269493
42,25.031897,blue-collar,married,primary,no,-23249.92,yes,no,cellular,16.616037,may,2068.2495,-19.687452,593.4438,20.393774,failure,0.5301393
44,69.75231,admin.,married,tertiary,no,-19750.1,yes,yes,cellular,16.652119,feb,2147.3538,-20.633785,320.21573,24.714947,other,0.51489395
45,30.13099,unknown,single,unknown,no,27812.129,no,no,telephone,35.116974,jan,1284.9043,-14.810471,213.32397,13.869584,unknown,0.517838
46,18.021194,services,single,secondary,no,29232.145,yes,no,cellular,18.209305,jul,1427.9299,-15.185534,209.35736,14.454474,unknown,0.5399263
47,2.28018,blue-collar,married,secondary,yes,47616.582,yes,no,unknown,25.921734,may,3329.8284,-32.981846,438.80228,30.796175,unknown,0.5090352
48,40.49529,technician,single,tertiary,no,-2834.6167,yes,no,cellular,19.018751,aug,1421.9557,-15.893259,327.55984,17.87331,failure,0.5380331
49,31.0565,technician,single,secondary,no,16755.293,yes,no,cellular,33.02873,feb,1057.1401,-11.444482,157.65736,11.07287,unknown,0.55103743
50,63.981037,retired,married,secondary,no,20797.104,no,no,telephone,9.23469,feb,991.87463,-6.699671,143.82642,9.486834,unknown,0.5272118
51,22.80874,blue-collar,single,unknown,no,45150.863,yes,no,unknown,33.14067,may,2338.8293,-20.907381,338.38138,22.834368,unknown,0.5013251
52,33.402473,services,married,secondary,no,21375.049,yes,no,cellular,11.061032,aug,1147.5876,-11.366829,165.79797,11.12133,unknown,0.53480816
53,14.734666,admin.,single,secondary,no,12613.327,yes,yes,cellular,19.289558,aug,2034.5804,-22.107435,402.4982,21.18137,failure,0.5193951
54,8.2280035,services,married,secondary,no,45649.816,yes,no,unknown,20.510134,may,2450.753,-26.408428,382.94583,27.606588,unknown,0.50035137
55,17.260859,entrepreneur,married,secondary,no,27356.219,no,no,cellular,37.301754,nov,1414.6895,-14.92695,214.08366,13.97535,unknown,0.55016536
56,12.861335,management,single,tertiary,no,30972.602,yes,no,telephone,38.989635,jul,1358.543,-13.459289,222.69994,14.665173,unknown,0.50882775
57,24.444016,blue-collar,married,primary,no,38274.61,yes,no,unknown,13.010741,jun,1775.836,-18.33183,284.1845,19.415255,unknown,0.520065
58,2.9261246,housemaid,married,secondary,no,63819.953,yes,no,unknown,45.417007,may,2568.6226,-15.336579,418.95825,27.787762,unknown,0.5300369
59,9.507736,services,single,secondary,no,30523.484,yes,no,unknown,21.346567,may,2573.3335,-25.429787,389.95935,28.142529,unknown,0.51252085
60,21.040886,technician,single,unknown,no,31266.984,no,no,cellular,26.968374,nov,1317.0231,-8.827679,199.37624,13.086389,unknown,0.5038055
62,26.49339,technician,single,secondary,no,24664.72,yes,no,unknown,21.09388,may,3361.799,-10.160365,186.71878,12.601792,unknown,0.5270981
63,24.767626,admin.,married,secondary,no,2585.3271,yes,no,telephone,23.834734,may,1647.25,-14.671646,621.9906,29.076126,failure,0.5402677
65,31.004238,technician,married,secondary,no,22952.53,no,no,cellular,9.759239,aug,1022.4634,-10.790151,158.9993,10.510755,unknown,0.5015156
66,20.365957,services,married,secondary,no,5832.685,yes,no,cellular,32.49032,nov,1942.5575,-22.990099,476.971,22.863697,failure,0.5242358
67,5.8462057,technician,single,secondary,no,41893.387,yes,no,unknown,37.86851,may,2456.9148,-26.4578,353.53094,24.848267,unknown,0.5303093
68,35.94263,housemaid,single,primary,no,34730.89,yes,no,telephone,15.427941,feb,1633.2395,-16.64075,248.88287,16.036385,unknown,0.5305599
69,19.906702,technician,married,secondary,yes,34226.26,no,no,cellular,22.705471,jul,1597.787,-16.423937,248.7461,16.436037,unknown,0.5257617
70,22.962671,management,married,secondary,no,24304.361,yes,no,cellular,22.499413,jul,1448.0748,-9.137135,174.60873,11.5941,unknown,0.5130146
71,4.3704996,technician,single,secondary,no,37039.535,yes,no,unknown,33.7514,may,2415.18,-27.064013,361.5714,25.32716,unknown,0.52171445
72,11.106519,student,single,unknown,no,27081.193,no,no,cellular,35.011036,may,1369.6036,-8.193719,209.48984,13.569511,unknown,0.51967824
73,43.498585,technician,married,secondary,no,19513.902,no,no,cellular,27.49196,aug,1017.68475,-9.255647,151.77594,10.035839,unknown,0.514131
74,36.10538,technician,married,tertiary,no,35846.465,yes,no,unknown,19.751596,may,2414.418,-27.160135,343.45248,25.64757,unknown,0.5310944
75,42.032234,admin.,single,secondary,no,-14045.895,yes,yes,cellular,11.125421,sep,1404.6345,-13.897148,622.2192,19.79365,failure,0.5133211
76,39.512856,technician,single,tertiary,no,7324.0825,yes,yes,cellular,29.162256,nov,2125.8677,-23.725206,315.17435,22.085495,unknown,0.5134363
77,31.178102,management,single,tertiary,no,-5270.125,no,no,cellular,30.17274,apr,578.02966,-3.8573153,148.54062,5.2558393,failure,0.52295697
78,22.016565,technician,married,tertiary,no,5002.628,yes,no,cellular,30.971636,jul,1452.987,-5.534281,216.28456,14.9568405,unknown,0.5186917
79,25.253263,management,single,tertiary,no,18070.69,no,no,cellular,12.926695,aug,1169.8396,-4.031493,135.09755,8.824597,unknown,0.53016
80,49.984013,management,married,tertiary,no,10305.67,no,no,cellular,4.8969293,aug,1632.3518,-0.8433237,23.734045,1.6312593,unknown,0.515976
81,22.72242,technician,single,unknown,no,51348.58,yes,no,unknown,18.54461,may,2290.731,-26.23137,378.01865,24.773584,unknown,0.5051794
82,19.66169,blue-collar,single,secondary,no,28249.107,no,yes,cellular,30.05362,jul,1446.8881,-14.147183,230.19203,15.276629,unknown,0.50086224
83,17.41495,technician,married,secondary,no,16654.219,yes,no,cellular,10.894844,feb,1173.499,-10.83844,154.21867,10.587267,unknown,0.54071367
84,22.181198,management,married,tertiary,no,44922.504,yes,no,unknown,41.260674,may,2288.2544,-24.058886,349.60907,23.890251,unknown,0.5137918
85,22.311033,management,single,tertiary,no,18654.127,no,no,cellular,29.08483,jul,1023.323,-7.718613,144.52249,9.524277,unknown,0.559878
86,22.918043,management,single,tertiary,no,23816.4,yes,no,cellular,33.967007,jul,1345.5557,-8.024346,174.65018,11.894494,unknown,0.5371012
87,32.4972,blue-collar,married,secondary,no,-2751.814,yes,no,cellular,8.541792,feb,1181.295,-11.821022,161.88983,11.426059,unknown,0.53128
88,10.977574,blue-collar,single,secondary,no,25173.623,no,yes,cellular,28.490599,jul,1482.3491,-14.345749,206.94215,13.674597,unknown,0.50124174
89,63.495434,retired,married,primary,no,2621.2156,no,no,cellular,16.597603,oct,720.033,-0.23588274,198.5564,2.092558,failure,0.52531594
90,44.701584,admin.,single,tertiary,no,18442.236,yes,no,unknown,20.308458,may,2373.9404,-26.75131,348.22577,26.215437,unknown,0.50787294
91,26.56037,technician,single,tertiary,no,17970.19,no,no,cellular,19.430828,aug,1028.8542,-9.700665,160.8364,10.496268,unknown,0.5202762
92,17.371641,technician,married,secondary,no,20315.71,no,no,cellular,12.758465,aug,1074.4008,-9.752401,158.58386,10.451079,unknown,0.5339856
93,13.02551,blue-collar,single,secondary,no,-6596.7607,yes,no,cellular,22.874006,may,1801.652,-16.579422,570.852,20.317795,failure,0.531619
95,30.933159,blue-collar,married,primary,no,22669.9,no,no,cellular,30.098476,jul,1137.7646,-12.172523,177.46388,11.868856,unknown,0.54036874
96,23.709972,technician,married,tertiary,no,5573.166,yes,no,cellular,31.5757,jul,1395.1825,-8.210219,187.9748,12.790056,unknown,0.51314694
97,14.478465,services,married,secondary,no,23208.059,yes,no,cellular,36.251423,jul,1522.6066,-9.034988,203.79164,13.672598,unknown,0.52380383
98,20.704693,management,married,secondary,no,43557.355,yes,no,telephone,17.69412,may,1762.3146,-16.95433,465.03995,20.32081,failure,0.52815527
