id,age,job,marital,education,default,balance,housing,loan,contact,day,month,duration,campaign,pdays,previous,poutcome,target_prob
0,40.4,management,married,primary,no,160.1,yes,no,cellular,20.4,mar,40.9,3.8,30.9,14.1,success,0.967798
1,44.9,admin.,married,secondary,no,212.8,no,yes,telephone,27.8,oct,0.0,3.5,241.7,21.1,success,0.91791123
2,49.3,services,single,secondary,no,2516.7,yes,no,cellular,6.5,mar,406.3,1.0,-1.0,34.5,success,0.97982806
3,32.8,management,married,secondary,no,-219.0,no,no,cellular,17.8,jul,75.7,3.9,156.0,8.1,success,0.83799434
4,48.2,services,married,secondary,no,3447.7,no,no,cellular,9.4,jun,763.3,1.0,247.2,30.7,success,0.9964378
5,30.9,management,married,tertiary,no,759.3,yes,no,cellular,17.0,mar,0.0,1.0,227.4,22.5,success,0.9867112
7,34.3,management,married,tertiary,no,4717.6,no,no,cellular,30.0,apr,118.6,1.0,48.1,13.0,success,0.9759327
8,33.6,blue-collar,single,secondary,no,-315.7,yes,no,cellular,3.5,mar,24.2,4.0,182.5,19.6,success,0.9348833
9,26.6,technician,single,secondary,no,-159.2,no,no,cellular,2.5,jun,504.5,7.0,220.9,28.1,success,0.9778079
11,32.3,management,single,tertiary,no,1084.6,yes,no,cellular,16.4,mar,32.5,3.7,-1.0,19.7,success,0.9852272
12,26.8,technician,single,tertiary,no,2882.0,no,yes,cellular,27.5,mar,396.2,1.0,11.0,9.6,success,0.92441577
13,32.9,admin.,married,secondary,no,-744.0,no,no,cellular,17.0,apr,339.9,1.0,342.0,3.9,success,0.9356139
15,59.2,blue-collar,married,primary,no,4317.8,yes,no,cellular,3.7,dec,145.7,1.9,20.8,44.6,success,0.95544475
17,55.3,unemployed,married,secondary,no,505.7,no,no,cellular,27.6,dec,107.3,1.0,285.3,18.9,success,0.99538136
18,33.5,admin.,single,secondary,no,1433.8,yes,no,cellular,25.0,aug,51.6,1.0,-1.0,21.9,success,0.8732447
19,34.4,student,single,tertiary,no,2303.2,no,no,cellular,26.2,aug,207.5,3.1,2.3,5.2,success,0.8802424
20,59.1,retired,married,secondary,no,798.0,no,no,cellular,28.0,aug,334.1,7.2,-1.0,0.7,success,0.8601135
21,45.3,technician,single,secondary,no,-200.9,no,no,cellular,18.4,dec,766.6,2.9,311.0,22.0,success,0.99113816
22,28.5,student,single,tertiary,no,23439.5,no,no,cellular,20.8,oct,153.3,1.0,205.0,8.1,success,0.97319716
23,36.8,management,married,tertiary,no,197.2,yes,no,cellular,6.6,mar,187.4,1.8,245.6,17.9,success,0.9848413
24,46.5,management,married,tertiary,no,864.3,yes,no,cellular,8.1,may,462.2,1.0,369.2,2.0,success,0.6452197
25,37.0,management,single,tertiary,no,7884.4,no,no,cellular,23.9,mar,1128.2,3.4,339.8,22.7,success,0.99791247
26,33.6,technician,single,secondary,no,192.8,no,no,cellular,26.9,oct,206.5,8.0,162.1,11.5,success,0.9805398
27,33.5,blue-collar,married,primary,no,-320.8,yes,no,cellular,5.3,dec,192.4,1.8,-1.0,29.2,success,0.95097065
29,21.1,student,single,unknown,no,299.2,no,no,cellular,19.3,apr,288.2,2.9,376.5,1.9,success,0.9396301
30,31.5,technician,single,secondary,no,1086.1,no,no,cellular,26.2,oct,1000.6,4.4,466.7,19.1,success,0.99580944
31,37.1,admin.,married,primary,no,-1148.6,yes,no,telephone,19.8,mar,53.3,8.9,159.7,16.1,success,0.88599384
32,32.2,management,single,tertiary,no,2701.3,no,no,cellular,13.1,aug,407.3,1.0,231.5,12.7,success,0.97001743
33,31.4,technician,single,tertiary,no,-467.5,yes,no,cellular,13.4,mar,156.3,1.0,-1.0,23.0,success,0.97693205
34,39.6,management,single,secondary,no,9927.8,no,no,cellular,18.6,nov,787.6,1.0,91.9,6.4,success,0.931146
35,53.7,management,married,tertiary,no,316.0,no,no,cellular,9.5,jun,1005.4,3.2,419.3,32.0,success,0.99734974
37,49.6,housemaid,married,tertiary,no,268.3,no,no,cellular,7.9,dec,60.8,6.5,283.5,16.9,success,0.98306215
39,54.7,blue-collar,married,secondary,no,235.3,no,no,unknown,5.1,jun,355.5,1.0,-1.0,10.8,success,0.7842174
40,36.4,management,married,tertiary,no,8542.6,yes,yes,cellular,18.9,mar,157.6,2.3,-1.0,25.2,success,0.93443656
41,47.9,management,married,tertiary,no,14508.3,yes,yes,telephone,28.5,mar,675.1,10.7,134.5,26.3,success,0.9519264
42,39.7,blue-collar,married,primary,no,387.8,yes,no,cellular,5.5,dec,273.3,1.8,338.8,19.6,success,0.9507468
43,37.2,admin.,married,secondary,no,811.1,no,no,cellular,20.1,dec,146.3,1.0,-1.0,0.0,success,0.99190664
44,32.7,admin.,married,tertiary,no,176.4,yes,no,cellular,4.3,mar,126.4,5.4,105.8,8.5,success,0.92912865
45,39.1,unknown,single,unknown,no,453.8,no,no,telephone,28.1,oct,63.8,1.0,206.7,12.4,success,0.9833256
46,35.8,services,single,secondary,no,552.9,yes,no,cellular,9.4,mar,150.0,1.0,-1.0,30.6,success,0.96771955
48,34.4,technician,single,tertiary,no,1053.2,yes,no,cellular,26.0,mar,71.6,1.0,77.7,27.8,success,0.97737646
49,45.4,technician,single,secondary,no,4790.1,yes,no,cellular,27.2,mar,57.5,1.0,-1.0,28.2,unknown,0.69911087
50,77.6,retired,married,secondary,no,2662.3,no,no,telephone,8.3,dec,49.7,3.9,285.0,18.8,success,0.9894553
51,42.7,blue-collar,single,unknown,no,-858.7,yes,no,telephone,23.2,oct,319.8,3.3,-1.0,7.2,success,0.9885147
52,47.9,services,married,secondary,no,6.2,yes,no,cellular,4.6,aug,120.7,1.0,170.0,47.0,success,0.948973
53,32.5,admin.,single,secondary,no,-938.1,yes,no,cellular,12.2,oct,573.5,1.0,277.0,27.0,success,0.9702772
55,31.7,entrepreneur,married,secondary,no,6.4,no,no,cellular,30.4,dec,160.0,1.0,240.2,16.8,success,0.9872465
56,29.7,management,single,tertiary,no,2752.0,yes,no,telephone,31.0,mar,567.5,3.7,98.3,15.3,success,0.9889677
57,36.4,blue-collar,married,primary,no,2059.4,yes,no,cellular,2.1,jun,46.7,1.9,-1.0,29.0,success,0.8440235
60,36.3,technician,single,unknown,no,6975.3,no,no,cellular,20.3,oct,0.0,6.1,261.3,16.4,success,0.97626877
62,42.5,technician,single,secondary,no,-323.9,yes,no,cellular,13.7,oct,2233.8,3.9,181.1,22.4,unknown,0.98742455
63,48.0,admin.,married,secondary,no,-64.3,yes,no,telephone,12.5,mar,11.2,5.1,360.7,28.1,success,0.9579864
64,48.7,entrepreneur,married,secondary,no,-65.2,no,yes,cellular,28.4,dec,504.3,2.4,203.1,20.9,success,0.9309057
65,44.7,technician,married,secondary,no,1168.2,no,no,cellular,4.3,dec,851.1,1.0,304.5,22.6,success,0.9972874
66,39.6,services,married,secondary,no,-830.2,yes,no,cellular,21.3,mar,69.3,1.0,180.4,17.2,success,0.9686387
68,43.6,housemaid,single,primary,no,1321.5,yes,no,telephone,9.9,mar,659.4,1.9,146.6,26.0,success,0.9451645
69,40.8,technician,married,secondary,yes,146.9,no,no,cellular,14.0,dec,156.5,1.9,140.1,21.8,success,0.931458
70,38.2,management,married,secondary,no,4171.4,yes,no,cellular,16.0,mar,380.7,4.4,95.9,13.6,success,0.989472
72,22.5,student,single,unknown,no,1610.5,no,no,cellular,27.3,oct,503.3,8.8,257.4,16.8,success,0.9829458
73,56.2,technician,married,secondary,no,197.3,no,no,cellular,22.3,dec,117.8,2.2,127.3,14.2,success,0.9948291
75,37.6,admin.,single,secondary,no,-361.4,yes,no,cellular,2.8,sep,164.0,2.1,466.1,12.7,success,0.94320905
76,31.4,technician,single,tertiary,no,-350.8,yes,no,cellular,19.9,mar,184.8,1.0,-1.0,15.7,success,0.9767968
77,24.5,management,single,tertiary,no,2277.7,no,no,cellular,29.8,mar,303.1,1.0,96.2,22.1,success,0.9950747
78,31.1,technician,married,tertiary,no,-49.9,yes,no,cellular,24.1,mar,136.8,11.0,-1.0,21.1,success,0.97257364
79,33.6,management,single,tertiary,no,3093.8,no,no,cellular,8.1,aug,366.6,6.8,51.2,0.0,success,0.90795124
80,52.0,management,married,tertiary,no,7252.8,no,no,cellular,4.4,aug,1487.2,1.0,123.3,9.7,unknown,0.5004347
81,38.7,technician,single,unknown,no,-512.8,yes,no,telephone,7.1,oct,180.6,1.0,57.0,17.2,success,0.9705752
82,40.4,blue-collar,single,secondary,no,549.7,no,no,cellular,22.9,oct,78.9,2.7,131.6,8.2,success,0.97315466
83,30.0,technician,married,secondary,no,1205.9,yes,no,cellular,4.9,mar,224.6,1.0,-1.0,24.5,success,0.9774434
84,43.1,management,married,tertiary,no,-1762.8,yes,no,cellular,29.1,mar,201.8,2.6,-1.0,19.2,success,0.99245137
85,33.5,management,single,tertiary,no,480.0,no,no,cellular,23.9,jul,179.0,2.3,99.8,5.1,success,0.902029
86,39.3,management,single,tertiary,no,1147.3,yes,no,cellular,28.1,mar,296.9,3.9,-1.0,16.7,success,0.9917133
87,39.2,blue-collar,married,secondary,no,1369.4,yes,no,cellular,1.7,dec,155.5,1.0,-1.0,19.7,success,0.96710604
88,26.9,blue-collar,single,secondary,no,-101.1,no,no,cellular,22.2,oct,169.9,1.0,213.2,13.9,success,0.9795638
89,64.6,retired,married,primary,no,275.8,no,no,cellular,19.4,oct,329.4,1.0,511.0,19.2,success,0.98981726
91,33.2,technician,single,tertiary,no,-22.0,no,no,cellular,13.8,mar,446.9,2.2,300.2,20.1,success,0.99320364
92,31.2,technician,married,secondary,no,378.7,no,no,cellular,7.0,aug,138.0,1.9,32.4,5.8,success,0.8609759
93,32.3,blue-collar,single,secondary,no,-123.3,yes,no,cellular,15.0,may,428.9,1.0,350.6,4.3,success,0.51601905
94,53.2,management,married,tertiary,no,256.4,no,no,cellular,20.1,jun,36.0,6.1,103.5,12.2,success,0.99063253
95,45.7,blue-collar,married,primary,no,-810.4,no,no,cellular,24.2,dec,111.7,1.0,107.8,9.5,success,0.9899358
96,30.9,technician,married,tertiary,no,1562.5,yes,no,cellular,24.9,mar,246.0,6.2,-1.0,30.4,success,0.98424244
97,29.2,services,married,secondary,no,-670.0,yes,no,cellular,28.9,jul,309.1,5.9,-1.0,27.2,success,0.64600426
98,47.4,management,married,secondary,no,4372.9,yes,no,telephone,6.7,mar,21.2,4.5,170.9,3.6,success,0.9497826
