id,age,workclass,education,marital.status,occupation,relationship,race,sex,capital.gain,capital.loss,hours.per.week,native.country,target_prob
0,30.0, Private, Some-college, Married-civ-spouse, Sales, Husband, White, Male,0.1,0.0,99.0, United-States,0.88587844
1,33.7, Private, Assoc-voc, Married-civ-spouse, Sales, Husband, White, Male,0.1,0.0,98.9, United-States,0.9172457
2,32.4, ?, Assoc-acdm, Married-civ-spouse, Exec-managerial, Husband, White, Female,0.1,0.0,99.0, United-States,0.81058514
3,33.9, Private, Assoc-acdm, Married-civ-spouse, Exec-managerial, Husband, White, Female,0.3,0.0,98.9, United-States,0.85300916
4,39.1, ?, Assoc-voc, Widowed, ?, Husband, White, Male,0.1,0.0,99.0, United-States,0.5323298
5,39.0, ?, Assoc-voc, Separated, Sales, Husband, White, Male,0.1,0.0,98.9, United-States,0.7325208
6,41.1, Private, 12th, Married-civ-spouse, Exec-managerial, Husband, White, Male,0.0,0.0,98.5, United-States,0.89079213
7,32.5, Private, Assoc-voc, Married-civ-spouse, Exec-managerial, Husband, White, Female,9.5,0.0,99.0, United-States,0.79811686
8,39.4, ?, Assoc-voc, Married-civ-spouse, Exec-managerial, Husband, White, Male,0.1,0.0,48.4, United-States,0.7318954
9,40.1, Private, Assoc-acdm, Married-civ-spouse, Exec-managerial, Husband, White, Female,203.0,0.0,97.9,Other,0.8981355
10,35.6, Private, Assoc-voc, Divorced, Exec-managerial, Husband, White, Male,4.5,0.0,98.7,Other,0.7571224
11,36.0, Private, Assoc-voc, Married-civ-spouse, Exec-managerial, Husband, White, Female,0.1,0.0,65.9,Other,0.526499
12,37.2, ?, Assoc-voc, Married-civ-spouse, Sales, Husband, White, Female,0.1,0.0,98.0, United-States,0.75580835
14,41.6, ?, 12th, Married-civ-spouse, Sales, Husband, White, Female,0.0,0.0,98.9, United-States,0.5010705
15,33.5, Private, Assoc-voc, Widowed, Exec-managerial, Husband, White, Male,0.0,0.0,99.0,Other,0.7754326
16,31.9, Private, Assoc-voc, Married-civ-spouse, Sales, Husband, White, Male,0.1,0.0,98.7, United-States,0.89975846
17,33.9, Private, Assoc-voc, Widowed, Exec-managerial, Husband, White, Male,10.1,0.0,99.0,Other,0.7818869
18,40.6, Private, Assoc-acdm, Married-civ-spouse, Exec-managerial, Husband, White, Male,0.2,0.0,42.1, United-States,0.8135336
19,33.0, Federal-gov, Assoc-voc, Divorced, Sales, Husband, White, Male,0.2,0.0,99.0, United-States,0.7678195
20,39.4, Federal-gov, Assoc-voc, Married-civ-spouse, Exec-managerial, Husband, White, Female,0.1,0.0,54.1, United-States,0.77035284
21,31.7, Federal-gov, Assoc-voc, Married-civ-spouse, Sales, Husband, White, Male,0.1,0.0,50.8, United-States,0.7967885
22,30.9, ?, Assoc-voc, Married-civ-spouse, Exec-managerial, Husband, White, Female,0.1,0.0,99.0, United-States,0.8382188
23,31.0, Private, Assoc-voc, Married-civ-spouse, Exec-managerial, Husband, White, Female,0.1,0.0,98.4, United-States,0.76350945
24,40.8, ?, Assoc-voc, Married-civ-spouse, Sales, Husband, White, Female,0.1,0.0,98.8, United-States,0.81112057
25,33.6, ?, Some-college, Married-civ-spouse, Sales, Husband, White, Male,0.2,0.0,99.0, United-States,0.8970357
26,32.0, Private, Assoc-voc, Married-civ-spouse, Sales, Not-in-family, White, Male,0.1,0.0,99.0,Other,0.8794242
27,34.8, Private, Assoc-acdm, Married-civ-spouse, Exec-managerial, Husband, White, Male,0.1,0.0,53.9, United-States,0.8321458
28,39.8, Private, Assoc-voc, Divorced, Exec-managerial, Husband, White, Male,13.5,0.0,99.0, United-States,0.80282533
29,35.9, Private, Assoc-voc, Married-civ-spouse, Exec-managerial, Husband, White, Male,0.1,0.0,51.7,Other,0.73471177
30,32.7, Private, Assoc-acdm, Married-civ-spouse, Machine-op-inspct, Husband, White, Male,0.1,0.0,99.0, United-States,0.79430723
31,31.6, State-gov, Assoc-acdm, Married-civ-spouse, Sales, Husband, White, Male,0.1,0.0,98.9, United-States,0.8370199
32,39.3, Private, 12th, Married-civ-spouse, Sales, Husband, White, Male,19.2,0.0,98.9,Other,0.8590595
34,37.2, ?, Assoc-voc, Married-civ-spouse, Exec-managerial, Not-in-family, White, Female,0.1,0.0,99.0, United-States,0.88105226
35,36.1, Private, Assoc-acdm, Married-civ-spouse, Exec-managerial, Husband, White, Male,0.1,0.0,43.7, United-States,0.7366217
36,34.3, Private, Assoc-voc, Married-civ-spouse, Exec-managerial, Husband, White, Male,0.1,0.0,99.0, United-States,0.97567254
38,32.0, Private, Assoc-voc, Married-civ-spouse, Exec-managerial, Husband, White, Female,196.2,0.0,99.0, United-States,0.803974
39,41.3, Private, 12th, Widowed, Exec-managerial, Husband, White, Male,0.1,0.0,99.0,Other,0.50099456
41,40.0, Private, Assoc-voc, Married-civ-spouse, Craft-repair, Husband, White, Male,0.2,0.0,99.0, United-States,0.9351958
42,34.1, ?, Assoc-voc, Married-civ-spouse, Exec-managerial, Husband, White, Female,0.1,0.0,99.0, United-States,0.87665707
43,35.7, Private, Assoc-acdm, Married-civ-spouse, Exec-managerial, Husband, White, Female,0.0,0.0,98.7,Other,0.85194427
44,35.6, Private, Assoc-acdm, Married-civ-spouse, Exec-managerial, Not-in-family, White, Female,0.2,0.0,98.9,Other,0.8773441
45,32.2, State-gov, Doctorate, Divorced, Exec-managerial, Husband, White, Female,0.1,0.0,50.0,Other,0.5249453
46,32.8, Private, Assoc-voc, Married-civ-spouse, Exec-managerial, Husband, White, Female,0.6,0.0,99.0, United-States,0.80259764
47,40.4, ?, Assoc-voc, Married-civ-spouse, Sales, Husband, White, Female,0.1,0.0,99.0, United-States,0.80801696
48,34.1, Private, Assoc-acdm, Married-civ-spouse, Exec-managerial, Not-in-family, White, Female,0.1,0.0,99.0,Other,0.8630787
49,36.8, Private, Assoc-acdm, Married-civ-spouse, Exec-managerial, Husband, White, Male,0.1,0.0,42.2, United-States,0.7318607
50,41.9, Private, Assoc-voc, Divorced, Sales, Husband, White, Male,0.2,0.0,99.0, United-States,0.64447665
51,36.2, Private, Assoc-voc, Married-civ-spouse, Exec-managerial, Husband, White, Male,0.1,0.0,51.9,Other,0.7433188
52,32.2, Private, Assoc-voc, Married-civ-spouse, Machine-op-inspct, Husband, White, Male,0.1,0.0,99.0,Other,0.79564834
53,33.3, Private, Assoc-voc, Married-civ-spouse, Exec-managerial, Not-in-family, White, Female,0.1,0.0,99.0,Other,0.90658116
54,34.5, Private, Some-college, Married-civ-spouse, Sales, Husband, White, Male,0.1,0.0,99.0,Other,0.8987486
55,29.0, Private, Assoc-acdm, Married-civ-spouse, Exec-managerial, Husband, White, Female,1.4,0.0,98.9, United-States,0.77107626
56,36.1, ?, Assoc-voc, Married-civ-spouse, Sales, Husband, White, Female,0.1,0.0,98.9, United-States,0.7488725
57,41.1, ?, Assoc-acdm, Married-civ-spouse, Exec-managerial, Husband, White, Male,0.2,0.0,44.7, United-States,0.7377645
58,39.6, ?, Assoc-voc, Married-civ-spouse, Craft-repair, Husband, White, Female,0.1,0.0,98.7, United-States,0.74468
59,30.5, Private, Assoc-voc, Married-civ-spouse, Exec-managerial, Husband, White, Female,0.1,0.0,99.0,Other,0.82632625
60,35.1, ?, Assoc-voc, Married-civ-spouse, Machine-op-inspct, Husband, White, Male,0.1,0.0,99.0,Other,0.83546066
61,35.1, Private, Assoc-acdm, Divorced, Exec-managerial, Husband, White, Male,0.1,0.0,98.3, United-States,0.7415811
62,33.4, Federal-gov, Assoc-voc, Widowed, Exec-managerial, Husband, White, Male,0.1,0.0,99.0, United-States,0.9325186
63,32.4, Federal-gov, Some-college, Married-civ-spouse, Sales, Husband, White, Male,0.0,0.0,55.2, United-States,0.7504406
64,43.0, Federal-gov, Assoc-voc, Married-spouse-absent, Exec-managerial, Husband, White, Female,0.3,0.0,99.0, United-States,0.6121118
65,41.1, Federal-gov, Assoc-voc, Married-civ-spouse, Exec-managerial, Husband, White, Female,0.1,0.0,49.0, United-States,0.7429354
66,37.6, Private, Assoc-voc, Married-civ-spouse, Exec-managerial, Husband, White, Female,0.2,0.0,98.9, United-States,0.8712484
67,32.0, Federal-gov, Assoc-voc, Married-civ-spouse, Adm-clerical, Husband, White, Male,1.0,0.0,54.4,Other,0.74400336
69,37.9, Federal-gov, 12th, Widowed, Sales, Husband, White, Male,63.7,0.0,98.5, United-States,0.75855213
70,40.7, Federal-gov, Some-college, Married-civ-spouse, Adm-clerical, Husband, White, Male,0.1,0.0,53.9, United-States,0.86657125
73,35.1, Private, Assoc-acdm, Married-civ-spouse, Exec-managerial, Husband, White, Female,0.1,0.0,98.3, United-States,0.86522883
74,36.3, Private, Assoc-acdm, Married-civ-spouse, Sales, Husband, White, Male,0.1,0.0,99.0,Other,0.8417142
75,34.6, Private, Assoc-voc, Married-civ-spouse, Machine-op-inspct, Husband, White, Male,0.2,0.0,99.0, United-States,0.8591512
76,40.6, Private, Assoc-voc, Married-civ-spouse, Exec-managerial, Not-in-family, White, Female,0.1,0.0,69.5,Other,0.7789938
77,40.1, ?, Assoc-voc, Married-civ-spouse, Exec-managerial, Husband, White, Female,0.1,0.0,98.7, United-States,0.9240067
78,38.2, Private, Assoc-voc, Divorced, Exec-managerial, Husband, White, Male,0.1,0.0,99.0, United-States,0.77562845
79,37.3, ?, Assoc-voc, Married-civ-spouse, Sales, Husband, White, Female,0.8,0.0,99.0, United-States,0.7674917
80,40.6, Federal-gov, Assoc-voc, Married-civ-spouse, Exec-managerial, Husband, White, Female,0.3,0.0,50.7, United-States,0.7535616
81,37.9, ?, Assoc-voc, Married-civ-spouse, Sales, Husband, White, Female,0.2,0.0,95.7, United-States,0.74178565
82,33.9, Private, Doctorate, Separated, Craft-repair, Not-in-family, White, Female,0.1,0.0,51.8, United-States,0.735454
83,34.9, Private, Assoc-voc, Divorced, Exec-managerial, Husband, White, Male,190.8,0.0,98.9, United-States,0.7314564
84,35.8, Private, Assoc-acdm, Divorced, Exec-managerial, Husband, White, Male,0.2,0.0,97.1, United-States,0.74487185
85,29.8, Private, Assoc-acdm, Married-civ-spouse, Exec-managerial, Husband, White, Female,0.1,0.0,95.3,Other,0.74099797
86,33.3, Private, Assoc-voc, Married-civ-spouse, Exec-managerial, Husband, White, Female,0.1,0.0,99.0, United-States,0.810969
87,32.2, Private, Assoc-acdm, Married-civ-spouse, Exec-managerial, Husband, White, Male,0.0,0.0,50.8, United-States,0.737945
88,32.3, Private, Assoc-voc, Married-civ-spouse, Exec-managerial, Husband, White, Female,0.0,0.0,98.8, United-States,0.792027
89,39.9, ?, Assoc-voc, Divorced, Exec-managerial, Husband, White, Male,0.2,0.0,98.9, United-States,0.7142853
90,35.6, Private, Assoc-voc, Married-civ-spouse, Exec-managerial, Husband, White, Female,0.1,0.0,99.0, United-States,0.8460719
91,31.5, Private, Assoc-voc, Married-civ-spouse, Exec-managerial, Husband, White, Female,2.4,0.0,99.0, United-States,0.7793433
92,36.7, Private, Assoc-voc, Married-civ-spouse, Craft-repair, Husband, White, Male,0.1,0.0,98.9,Other,0.9313474
94,39.0, Private, Assoc-voc, Married-civ-spouse, Exec-managerial, Husband, White, Female,0.1,0.0,99.0, United-States,0.8869966
95,40.4, Federal-gov, Assoc-voc, Divorced, Exec-managerial, Husband, White, Female,0.1,0.0,99.0, United-States,0.5739932
96,35.2, ?, Assoc-voc, Married-civ-spouse, Sales, Husband, White, Female,0.1,0.0,98.8, United-States,0.7338813
97,33.3, Private, Assoc-acdm, Married-civ-spouse, Exec-managerial, Husband, White, Female,0.1,0.0,98.6, United-States,0.842708
98,25.3, Private, Assoc-acdm, Married-civ-spouse, Exec-managerial, Husband, White, Male,0.1,0.0,99.0, United-States,0.95388526
99,40.3, Private, Assoc-acdm, Married-civ-spouse, Adm-clerical, Husband, White, Female,0.1,0.0,98.5, United-States,0.7589959
