id,age,workclass,education,marital.status,occupation,relationship,race,sex,capital.gain,capital.loss,hours.per.week,native.country,target_prob
0,33.21551, Private, 11th, Never-married, Prof-specialty, Not-in-family, Black, Male,19945.383,16.77,43.229557, United-States,0.7536277
1,51.397923, Self-emp-not-inc, HS-grad, Married-civ-spouse, Farming-fishing, Husband, White, Male,63125.004,9.820252e-20,46.294815, United-States,0.9999999
2,39.358917, ?, Doctorate, Never-married, ?, Not-in-family, White, Female,859.0162,2283.351,38.409225, United-States,0.6433961
3,38.391613, Private, Assoc-voc, Married-civ-spouse, Tech-support, Husband, White, Male,9639.668,1.7485706e-15,42.04209, United-States,0.9928681
4,51.102493, Self-emp-inc, HS-grad, Separated, Machine-op-inspct, Not-in-family, Black, Male,21691.459,13.600392,49.88484, United-States,0.98676735
5,24.00053, Private, Some-college, Never-married, Prof-specialty, Not-in-family, White, Female,25331.682,2.7090992e-13,39.99955, United-States,0.98777777
6,48.3506, Private, HS-grad, Married-civ-spouse, Craft-repair, Husband, White, Male,260.61707,1167.2196,42.99029, United-States,0.6314836
8,52.616966, Self-emp-not-inc, HS-grad, Married-civ-spouse, Farming-fishing, Husband, White, Male,275.07413,2755.4622,47.91878, United-States,0.7324125
9,48.79412, Private, HS-grad, Married-civ-spouse, Exec-managerial, Husband, White, Male,9502.297,9.426216e-15,43.61491, United-States,0.9935004
10,24.45739, Private, Bachelors, Never-married, Prof-specialty, Own-child, White, Male,29693.607,5.25322e-07,39.16616,Other,0.9925403
11,40.15049, Private, HS-grad, Married-civ-spouse, Adm-clerical, Wife, White, Female,1066.0513,0.00011542981,37.57648, United-States,0.5355713
14,33.476673, ?, Bachelors, Never-married, ?, Other-relative, White, Female,84219.07,1.0272007e-11,24.277872, United-States,1.0
15,40.323147, Private, Bachelors, Never-married, Prof-specialty, Not-in-family, White, Male,9647.118,0.21692567,49.73345,Other,0.62450963
16,21.9948, Private, Bachelors, Never-married, Adm-clerical, Own-child, White, Male,31840.54,1.02989516e-13,28.050676, United-States,0.9867942
17,43.771156, Private, Masters, Separated, Exec-managerial, Not-in-family, Black, Male,3194.4895,3.3537414,49.448193, United-States,0.97774386
18,54.000477, Private, HS-grad, Married-civ-spouse, Craft-repair, Husband, White, Male,11438.299,2.2956952e-20,40.699356, United-States,0.9893572
19,55.01573, Self-emp-not-inc, Doctorate, Divorced, Prof-specialty, Not-in-family, White, Male,7383.0244,0.04416746,47.30194, United-States,0.99532264
20,52.91552, Self-emp-not-inc, Bachelors, Divorced, Exec-managerial, Not-in-family, White, Female,19021.309,0.0027713228,44.14154, United-States,0.98520017
21,42.116478, Private, Bachelors, Divorced, Sales, Not-in-family, White, Male,9351.109,5.7815194,50.006535, United-States,0.98803896
22,44.430134, Local-gov, Some-college, Married-civ-spouse, Protective-serv, Husband, White, Male,478.98972,264.55606,46.223114, United-States,0.920689
23,44.62368, Private, HS-grad, Married-civ-spouse, Exec-managerial, Husband, White, Male,403.36383,1853.357,47.37467, United-States,0.98006195
24,48.214912, Local-gov, HS-grad, Married-civ-spouse, Protective-serv, Husband, White, Male,347.7986,2348.5107,46.419277, United-States,0.97438127
25,43.676502, Local-gov, Bachelors, Married-civ-spouse, Prof-specialty, Husband, White, Male,997.21,0.0005086114,44.175728, United-States,0.60730034
26,34.902397, Private, Masters, Never-married, Prof-specialty, Not-in-family, White, Male,18408.096,0.012814365,42.855083,Other,0.97922254
27,43.596233, Private, Bachelors, Married-civ-spouse, Machine-op-inspct, Husband, White, Male,98.59491,2262.509,41.34613, United-States,0.94787514
29,36.0314, Local-gov, HS-grad, Married-civ-spouse, Prof-specialty, Husband, White, Male,10348.645,5.954011e-28,42.93496, United-States,0.9177237
30,28.897621, Private, Some-college, Married-civ-spouse, Machine-op-inspct, Husband, White, Male,13807.413,3.877972e-13,40.76883, United-States,0.962533
31,31.75981, Private, Bachelors, Never-married, Adm-clerical, Not-in-family, White, Male,12232.547,0.00049807236,44.405396, United-States,0.6984089
32,38.711445, Local-gov, HS-grad, Married-civ-spouse, Other-service, Husband, White, Male,24898.45,3.5366704e-16,42.197227,Other,0.99592566
34,55.92176, Self-emp-inc, HS-grad, Widowed, Exec-managerial, Not-in-family, White, Male,13660.217,0.0005875732,47.870808, United-States,0.9931726
35,42.170998, Private, Bachelors, Divorced, Prof-specialty, Not-in-family, White, Male,12678.425,1.8553416,41.927032, United-States,0.9674219
36,47.554, Private, Masters, Divorced, Exec-managerial, Not-in-family, Black, Male,5021.863,47.86612,46.847214, United-States,0.9945791
38,45.196316, Private, HS-grad, Married-civ-spouse, Craft-repair, Husband, White, Male,613.9192,2275.078,46.115017, United-States,0.85100543
39,37.920925, Private, Prof-school, Divorced, Exec-managerial, Not-in-family, White, Male,13589.9375,2.7434313,52.12481,Other,0.994124
41,62.7218, Private, HS-grad, Married-civ-spouse, Craft-repair, Husband, White, Male,8047.954,4.0789752e-35,47.081802, United-States,0.9775974
42,51.102154, Private, Masters, Married-civ-spouse, Sales, Husband, White, Male,6090.4697,7.4004236e-13,45.55217, United-States,0.994773
43,40.186295, Private, Bachelors, Married-spouse-absent, Exec-managerial, Not-in-family, White, Male,2470.233,165.75706,51.32036, United-States,0.6528339
44,47.115616, Private, Some-college, Married-civ-spouse, Sales, Husband, White, Male,223.5115,1027.1097,46.29746, United-States,0.9054681
45,38.13955, Private, Masters, Never-married, Exec-managerial, Not-in-family, White, Female,3384.0508,8.41744,49.333652, United-States,0.69956726
46,32.451946, Private, Some-college, Widowed, Adm-clerical, Not-in-family, White, Female,20060.318,3.2708312e-11,40.213326, United-States,0.90728545
47,61.097145, Federal-gov, HS-grad, Widowed, Exec-managerial, Not-in-family, White, Female,382.26636,3606.8743,36.263123, United-States,0.59547466
48,48.87725, Private, Bachelors, Divorced, Prof-specialty, Not-in-family, White, Female,11477.183,0.00012823229,47.607647,Other,0.93062437
49,30.073742, Private, Assoc-acdm, Married-civ-spouse, Tech-support, Wife, White, Female,20307.855,9.3763106e-08,38.779736, United-States,0.9982703
50,46.98168, Private, Masters, Separated, Exec-managerial, Not-in-family, White, Male,10897.903,1.7425227,44.142735, United-States,0.9992786
51,51.18373, Private, HS-grad, Married-civ-spouse, Sales, Husband, White, Male,10076.594,6.0544764e-10,47.678062, United-States,0.983896
52,38.18122, Private, HS-grad, Married-civ-spouse, Sales, Husband, White, Male,13322.751,5.2434706e-18,42.7992,Other,0.9510902
53,35.930275, Private, Some-college, Married-civ-spouse, Craft-repair, Wife, White, Female,16333.543,6.163323e-07,48.243607, United-States,0.99643385
54,44.589607, Private, Some-college, Married-civ-spouse, Craft-repair, Husband, White, Male,253.61919,778.1583,43.478016,Other,0.5763567
56,42.403458, Private, HS-grad, Married-civ-spouse, Exec-managerial, Husband, White, Male,237.64049,1031.2719,47.08599, United-States,0.90833163
57,52.572624, Self-emp-inc, HS-grad, Married-civ-spouse, Sales, Husband, White, Male,1926.3646,2.2876993e-06,50.29847, United-States,0.8810187
58,42.755222, Private, HS-grad, Married-civ-spouse, Transport-moving, Husband, White, Male,12861.8,5.2670523e-23,48.59445, United-States,0.991542
59,47.60809, Private, Doctorate, Divorced, Adm-clerical, Not-in-family, White, Female,1463.1156,350.50427,43.626892, United-States,0.5448756
60,51.489445, Self-emp-inc, Some-college, Married-civ-spouse, Machine-op-inspct, Husband, White, Male,2786.9077,906.35535,48.909004, United-States,0.83491373
61,38.81896, Private, Bachelors, Never-married, Exec-managerial, Not-in-family, White, Male,3614.219,18.716925,50.016056, United-States,0.6304509
62,29.82735, Private, Assoc-acdm, Separated, Adm-clerical, Not-in-family, White, Male,17543.361,3.7425212e-05,43.124416, United-States,0.9803201
63,49.34952, Self-emp-not-inc, Doctorate, Married-civ-spouse, Craft-repair, Husband, White, Male,643.82056,4.43579e-06,48.786655, United-States,0.98217493
66,55.039433, Private, HS-grad, Married-civ-spouse, Sales, Husband, White, Male,9952.466,1.713812e-11,51.02541, United-States,0.9882895
67,33.02454, Federal-gov, Some-college, Never-married, Adm-clerical, Not-in-family, White, Female,90746.91,6.1840897e-12,40.69727, United-States,1.0
68,49.94827, Self-emp-not-inc, Bachelors, Married-spouse-absent, Exec-managerial, Not-in-family, White, Male,21736.205,0.014747464,39.45109, United-States,0.9989266
70,47.585316, Federal-gov, Bachelors, Married-civ-spouse, Adm-clerical, Husband, White, Male,854.0627,204.4017,41.254715, United-States,0.9482641
71,34.80281, Private, Prof-school, Never-married, Prof-specialty, Not-in-family, Black, Male,13817.16,12.195855,43.305798, United-States,0.98207825
72,30.893488, Private, Assoc-acdm, Never-married, Exec-managerial, Own-child, White, Male,20540.992,0.00068765384,40.00013, United-States,0.74843705
73,33.903355, Private, Bachelors, Married-civ-spouse, Exec-managerial, Wife, White, Female,1139.7549,0.04411871,40.001915, United-States,0.9836031
74,51.275177, Local-gov, Prof-school, Married-civ-spouse, Farming-fishing, Husband, White, Male,13639.61,7.631001e-20,41.72603, United-States,0.9965612
75,46.218872, Private, HS-grad, Married-civ-spouse, Transport-moving, Husband, White, Male,251.832,2684.742,46.029015, United-States,0.72103167
77,51.819473, Local-gov, Some-college, Married-civ-spouse, Exec-managerial, Wife, White, Female,4241.311,6.9751586e-11,39.856472, United-States,0.97415924
78,31.256418, State-gov, Some-college, Never-married, Prof-specialty, Not-in-family, Black, Female,20190.107,9.227741e-08,35.374428, United-States,0.86489815
79,23.174652, Private, Masters, Never-married, Sales, Own-child, White, Male,31602.354,2.8466745e-18,35.0975, United-States,0.9978908
81,52.616405, Self-emp-inc, HS-grad, Widowed, Exec-managerial, Unmarried, White, Male,2626.5151,1907.4551,41.670555, United-States,0.8349591
82,49.07562, Private, Bachelors, Divorced, Exec-managerial, Not-in-family, White, Male,242.07861,2484.4163,40.940895, United-States,0.8632531
84,43.26519, Private, Bachelors, Married-civ-spouse, Craft-repair, Husband, Black, Male,778.7135,21.094297,45.11928, United-States,0.8679393
85,39.6419, Private, Masters, Separated, Tech-support, Not-in-family, White, Male,16165.889,0.020468008,46.85032, United-States,0.9997086
86,43.05309, Private, HS-grad, Divorced, Exec-managerial, Not-in-family, White, Male,1235.9225,3143.5535,46.58466, United-States,0.5595406
87,28.004345, Private, Some-college, Married-civ-spouse, Craft-repair, Husband, White, Male,14600.694,7.229425e-23,39.99718, United-States,0.9882216
88,44.792812, Private, Assoc-voc, Married-civ-spouse, Exec-managerial, Husband, White, Male,7758.831,4.3654316e-12,44.44083, United-States,0.9920254
89,40.164276, Local-gov, Masters, Never-married, Exec-managerial, Not-in-family, White, Female,532.96436,2704.3135,40.771717, United-States,0.7196496
90,45.90414, Private, Some-college, Married-civ-spouse, Sales, Husband, White, Male,1088.5957,3.696299e-07,43.61749, United-States,0.67376566
91,44.98599, Private, HS-grad, Widowed, Exec-managerial, Unmarried, White, Male,2147.2144,3135.154,42.287476, United-States,0.8172972
92,45.99618, Private, HS-grad, Married-civ-spouse, Craft-repair, Husband, White, Male,12259.278,3.111217e-27,40.00082, United-States,0.9881914
93,57.53267, Private, Masters, Widowed, Prof-specialty, Not-in-family, White, Female,4174.169,1615.7947,34.856487, United-States,0.58052194
95,47.6163, Private, Bachelors, Divorced, Sales, Unmarried, White, Male,5969.0415,11.747002,48.176537, United-States,0.9659166
96,41.03195, Self-emp-not-inc, Bachelors, Married-civ-spouse, Prof-specialty, Husband, White, Male,1379.3708,60.66361,48.112167, United-States,0.89326996
97,36.04231, Private, Bachelors, Never-married, Prof-specialty, Not-in-family, White, Female,14879.215,0.009984356,45.268253, United-States,0.94215053
98,25.317945, Private, Assoc-acdm, Never-married, Adm-clerical, Not-in-family, White, Male,25902.91,2.2306912e-08,39.918835, United-States,0.9860535
99,45.12678, Private, Some-college, Married-civ-spouse, Tech-support, Husband, White, Male,233.5817,868.9043,43.08322, United-States,0.9114262
