id,age,workclass,education,marital.status,occupation,relationship,race,sex,capital.gain,capital.loss,hours.per.week,native.country,target_prob
1,37.8, Private, HS-grad, Married-civ-spouse, Farming-fishing, Husband, White, Male,17769.8,0.0,49.7, United-States,0.98676586
4,28.9, ?, HS-grad, Never-married, ?, Unmarried, Black, Male,33179.4,0.0,39.5, United-States,0.99850994
5,53.1, Self-emp-not-inc, Doctorate, Married-civ-spouse, Exec-managerial, Wife, White, Female,80713.6,2539.0,41.9, United-States,1.0
7,26.1, Private, HS-grad, Never-married, Adm-clerical, Not-in-family, White, Female,96300.9,823.0,38.9, United-States,1.0
8,58.6, ?, HS-grad, Married-civ-spouse, ?, Husband, White, Male,85716.1,0.0,34.9, United-States,1.0
9,46.3, Federal-gov, Doctorate, Married-civ-spouse, Tech-support, Wife, White, Male,99999.0,4093.2,49.4, United-States,1.0
11,43.1, Private, HS-grad, Married-civ-spouse, Adm-clerical, Wife, White, Female,5016.7,0.0,29.4, United-States,0.7874282
12,37.8, Private, HS-grad, Widowed, Machine-op-inspct, Unmarried, White, Female,69897.6,0.0,19.8, United-States,0.99999964
15,24.9, Private, Bachelors, Never-married, Prof-specialty, Not-in-family, White, Male,95792.4,1302.5,42.7,Other,1.0
17,22.7, Private, HS-grad, Separated, Machine-op-inspct, Unmarried, Black, Male,30362.9,0.0,54.9, United-States,0.99907804
18,54.4, Private, HS-grad, Married-civ-spouse, Craft-repair, Husband, White, Male,18472.1,0.0,34.9, United-States,0.9989749
19,32.3, Self-emp-not-inc, Some-college, Never-married, Prof-specialty, Not-in-family, White, Male,87197.6,0.0,59.6, United-States,1.0
20,56.0, Self-emp-not-inc, 11th, Widowed, Other-service, Unmarried, White, Female,97968.5,3660.4,50.0, United-States,1.0
21,19.3, Self-emp-not-inc, Doctorate, Never-married, Sales, Not-in-family, White, Male,99933.8,3683.0,48.6, United-States,1.0
22,22.2, Local-gov, Some-college, Married-civ-spouse, Protective-serv, Husband, White, Male,47801.5,0.0,38.9, United-States,0.9999993
23,26.2, Private, HS-grad, Divorced, Exec-managerial, Unmarried, White, Female,33194.5,0.0,40.4, United-States,0.99959666
24,65.4, ?, Doctorate, Married-civ-spouse, ?, Husband, White, Male,99314.0,3486.4,39.9, United-States,1.0
25,35.5, Local-gov, Bachelors, Married-civ-spouse, Prof-specialty, Husband, White, Male,64603.5,0.0,39.7, United-States,1.0
27,17.0, Private, Doctorate, Never-married, Machine-op-inspct, Not-in-family, White, Male,97413.1,3263.2,39.9, United-States,1.0
28,20.0, Private, HS-grad, Never-married, Craft-repair, Own-child, White, Male,40146.3,0.0,39.9, United-States,0.99756026
29,36.1, Private, HS-grad, Married-civ-spouse, Farming-fishing, Husband, White, Male,71596.1,0.0,39.2, United-States,1.0
30,28.8, Private, 11th, Married-civ-spouse, Other-service, Husband, White, Male,97660.9,2738.0,40.3, United-States,1.0
32,39.1, Private, 7th-8th, Married-civ-spouse, Craft-repair, Husband, White, Male,36678.3,883.7,39.9,Other,0.99836427
34,55.6, Self-emp-inc, HS-grad, Widowed, Exec-managerial, Not-in-family, White, Female,13058.7,0.0,49.3, United-States,0.89528996
36,39.2, Private, HS-grad, Divorced, Handlers-cleaners, Own-child, Black, Male,43742.9,340.1,40.1, United-States,0.9997602
38,21.9, Private, HS-grad, Never-married, Other-service, Not-in-family, White, Male,91100.3,204.7,59.7, United-States,1.0
39,38.2, Private, 9th, Married-spouse-absent, Exec-managerial, Not-in-family, White, Male,33575.6,0.0,54.3,Other,0.9984211
40,21.5, Private, Doctorate, Never-married, Adm-clerical, Own-child, White, Female,84106.3,1635.0,41.0, United-States,1.0
41,63.7, Private, HS-grad, Married-civ-spouse, Craft-repair, Husband, White, Male,97702.2,3275.8,40.5, United-States,1.0
42,32.8, Private, HS-grad, Married-civ-spouse, Handlers-cleaners, Husband, White, Male,34358.0,0.0,40.2, United-States,0.99994934
43,30.0, Private, Bachelors, Never-married, Exec-managerial, Not-in-family, White, Female,84202.8,0.0,49.2, United-States,1.0
44,39.3, Private, Some-college, Divorced, Sales, Not-in-family, White, Male,71154.4,0.0,40.5, United-States,1.0
45,26.4, Private, Masters, Never-married, Exec-managerial, Not-in-family, White, Female,16330.0,0.0,39.7, United-States,0.9974631
47,47.3, Local-gov, HS-grad, Divorced, Adm-clerical, Not-in-family, White, Female,33510.9,0.0,39.9, United-States,0.9977482
48,41.2, Private, Bachelors, Never-married, Other-service, Not-in-family, White, Female,97227.5,2886.7,40.3,Other,1.0
50,46.4, Private, HS-grad, Separated, Transport-moving, Not-in-family, White, Male,22471.9,0.0,40.4, United-States,0.9927254
51,43.0, Private, HS-grad, Married-civ-spouse, Sales, Husband, White, Male,90327.3,1577.1,48.1, United-States,1.0
52,30.2, Private, HS-grad, Married-civ-spouse, Machine-op-inspct, Husband, White, Male,32410.3,0.0,39.0,Other,0.9998851
53,20.8, Private, Some-college, Separated, Handlers-cleaners, Not-in-family, White, Female,94407.2,1825.6,40.0, United-States,1.0
54,46.0, Private, Some-college, Married-civ-spouse, Craft-repair, Husband, Other, Male,97798.4,3555.9,41.4,Other,1.0
56,40.8, Private, HS-grad, Married-civ-spouse, Machine-op-inspct, Husband, White, Male,97929.6,3220.9,49.7, United-States,1.0
57,69.2, Self-emp-inc, HS-grad, Married-civ-spouse, Sales, Husband, White, Male,80653.5,0.0,29.8, United-States,1.0
58,49.0, Private, HS-grad, Married-civ-spouse, Transport-moving, Husband, White, Male,21436.8,0.0,40.4, United-States,0.9995146
59,20.0, Private, Some-college, Never-married, Adm-clerical, Not-in-family, White, Female,34175.3,0.0,40.3, United-States,0.99912244
60,45.7, Self-emp-inc, Doctorate, Married-civ-spouse, Machine-op-inspct, Husband, White, Male,99116.5,3394.4,48.5, United-States,1.0
61,23.3, Private, Bachelors, Never-married, Exec-managerial, Not-in-family, White, Male,14293.9,0.0,39.8, United-States,0.9768623
62,24.5, Private, Some-college, Separated, Other-service, Not-in-family, White, Male,14430.0,1870.6,39.8, United-States,0.75112885
63,30.4, Self-emp-not-inc, Some-college, Married-civ-spouse, Craft-repair, Husband, White, Male,13607.0,0.0,50.2, United-States,0.94370276
64,42.7, Private, HS-grad, Separated, Machine-op-inspct, Not-in-family, White, Female,75190.1,0.0,43.6, United-States,1.0
66,55.1, Private, HS-grad, Married-civ-spouse, Sales, Husband, White, Male,89045.2,1352.6,57.0, United-States,1.0
67,23.8, Federal-gov, Some-college, Never-married, Armed-Forces, Not-in-family, White, Male,87996.5,0.0,39.3, United-States,1.0
68,59.1, Private, Bachelors, Never-married, Exec-managerial, Not-in-family, White, Female,14393.5,0.0,25.7, United-States,0.99385273
70,59.6, Federal-gov, Bachelors, Divorced, Adm-clerical, Not-in-family, White, Male,59814.2,0.0,40.1, United-States,1.0
71,34.1, Private, Masters, Never-married, Other-service, Not-in-family, Amer-Indian-Eskimo, Male,26256.6,0.0,40.4, United-States,0.9980901
73,25.0, Private, Bachelors, Never-married, Exec-managerial, Own-child, White, Female,96775.6,2753.0,40.1, United-States,1.0
74,49.0, Private, 10th, Married-civ-spouse, Farming-fishing, Husband, White, Male,32232.6,0.0,39.5, United-States,0.9988932
75,58.7, Private, HS-grad, Married-civ-spouse, Transport-moving, Husband, White, Male,19247.0,0.0,39.8, United-States,0.9991466
76,19.9, Private, HS-grad, Never-married, Adm-clerical, Not-in-family, White, Female,33616.1,0.0,40.0, United-States,0.9990114
77,48.9, Federal-gov, Doctorate, Married-civ-spouse, Prof-specialty, Wife, White, Female,96756.8,3864.6,19.1, United-States,1.0
78,34.3, Self-emp-not-inc, Some-college, Married-AF-spouse, Adm-clerical, Unmarried, Black, Female,99704.2,2894.4,34.8, United-States,1.0
79,21.9, Private, Some-college, Never-married, Transport-moving, Own-child, Black, Male,41462.4,36.2,38.9, United-States,0.99781525
81,52.3, Local-gov, HS-grad, Widowed, Adm-clerical, Unmarried, White, Female,28286.1,0.0,27.2, United-States,0.96649575
82,36.1, Private, Doctorate, Separated, Machine-op-inspct, Not-in-family, White, Female,97743.6,2602.5,40.1, United-States,1.0
83,28.2, Private, HS-grad, Never-married, Transport-moving, Own-child, White, Male,28348.6,0.0,40.0, United-States,0.73390394
87,28.1, Private, Some-college, Married-civ-spouse, Craft-repair, Husband, White, Male,16897.3,0.0,39.7, United-States,0.99543434
88,29.0, Private, Assoc-voc, Married-civ-spouse, Exec-managerial, Husband, White, Male,97841.0,3243.9,39.8, United-States,1.0
90,40.2, Private, Some-college, Married-civ-spouse, Handlers-cleaners, Husband, White, Male,15416.9,0.0,39.4, United-States,0.97126526
91,25.9, Private, HS-grad, Never-married, Handlers-cleaners, Unmarried, White, Male,97203.9,2577.1,40.0, United-States,1.0
92,45.8, Private, HS-grad, Married-civ-spouse, Craft-repair, Husband, White, Male,84931.3,0.0,39.6, United-States,1.0
94,44.2, Private, HS-grad, Married-spouse-absent, Adm-clerical, Unmarried, White, Female,32229.6,0.0,40.0, United-States,0.995243
95,43.5, Private, Bachelors, Divorced, Sales, Unmarried, White, Female,15098.7,0.0,40.0, United-States,0.978448
96,31.2, Local-gov, Bachelors, Divorced, Prof-specialty, Unmarried, White, Female,18375.4,0.0,59.7, United-States,0.9667391
99,41.0, Private, Some-college, Divorced, Tech-support, Not-in-family, White, Female,87703.5,0.0,39.7, United-States,1.0
