id,age,job,marital,education,default,balance,housing,loan,contact,day,month,duration,campaign,pdays,previous,poutcome,target_prob
1,52.133972,admin.,married,secondary,no,2619.7795,no,no,telephone,27.909922,mar,535.8398,1.430112,71.64883,4.6971965,success,0.9906378
3,34.840946,management,single,secondary,no,1648.7102,no,no,cellular,17.910048,jul,329.9663,1.702128,234.87729,2.6178067,success,0.89847565
4,22.53724,blue-collar,single,tertiary,no,-5731.829,no,yes,cellular,1.0000991,sep,2976.5781,1.0025437,-0.93953353,2.00163e-07,failure,0.957639
8,19.162064,blue-collar,single,secondary,no,-5685.56,no,no,cellular,31.0,jan,3660.781,1.0012629,-1.0,3.5122437e-27,failure,0.9763432
9,27.006994,technician,single,secondary,no,-64.85835,no,no,cellular,1.0000161,sep,3472.1675,1.0001817,-0.8513613,0.11945473,failure,0.9925661
12,27.005526,technician,married,tertiary,no,-7184.1924,no,no,cellular,27.998766,jan,3630.4578,1.0000056,-1.0,9.574029e-14,failure,0.9767179
13,21.169071,technician,married,secondary,no,-4801.5083,no,no,cellular,1.0160563,sep,2026.6252,1.000009,348.74417,0.0028277223,failure,0.97709423
15,18.008718,blue-collar,single,tertiary,no,-7144.7554,no,no,cellular,4.066976,aug,3371.7217,1.0026282,76.456345,0.17189291,failure,0.94310564
17,32.578674,unemployed,single,secondary,no,1401.916,no,no,cellular,28.473526,jan,481.44598,1.2430519,145.35828,2.7028248,success,0.90257794
20,59.00047,blue-collar,married,secondary,no,0.08202982,no,no,telephone,1.000275,may,3238.1858,1.0000006,-0.9981922,0.000197187,unknown,0.8585415
22,27.534613,student,single,tertiary,no,1669.3927,no,no,cellular,28.426178,oct,397.7644,1.3706151,-1.0,1.4316289e-09,unknown,0.6670934
25,23.091797,blue-collar,single,tertiary,no,-2038.979,no,no,cellular,23.99384,jul,1775.2415,1.0372219,-1.0,5.0698315e-30,unknown,0.69642735
29,23.495653,technician,married,secondary,no,-1292.9841,no,no,cellular,18.986559,sep,2739.6108,1.0068398,-0.82918364,0.097745396,failure,0.99041265
30,30.922905,technician,single,secondary,no,1948.5583,no,no,cellular,23.059753,may,310.4663,1.9100988,183.98598,2.3960416,success,0.51938957
34,41.65083,services,married,secondary,no,4639.5864,no,no,cellular,18.077356,nov,368.71594,1.8897724,126.104996,3.2698665,success,0.8319531
35,41.685253,management,married,tertiary,no,2622.5764,no,no,cellular,4.670731,jun,482.1461,1.6597847,242.53033,3.956147,failure,0.52834755
45,40.202713,admin.,single,secondary,no,3140.5032,no,no,telephone,27.9887,jan,385.78217,1.6621969,96.85427,5.8996077,success,0.75382495
50,85.17328,retired,married,secondary,no,926.7277,no,no,telephone,9.566091,feb,1647.7361,1.0003469,-1.0,1.1695384e-09,unknown,0.6010942
51,18.000174,blue-collar,single,primary,no,-7587.7446,yes,no,unknown,31.0,may,4818.783,1.0,-1.0,0.0,unknown,0.68844134
52,36.9701,blue-collar,married,tertiary,no,2339.4363,no,no,cellular,5.0159554,jun,829.92755,1.5067027,386.0576,3.631878,failure,0.63757575
53,37.251923,admin.,single,secondary,no,1791.7312,yes,no,cellular,13.401848,aug,345.5886,1.6871524,236.03564,4.1371756,success,0.8983189
55,32.066685,technician,married,secondary,no,-7945.2417,no,no,unknown,29.996347,may,4551.183,1.0,-1.0,0.0,unknown,0.87161434
57,18.07355,blue-collar,single,tertiary,no,-4597.1865,no,yes,unknown,1.0000358,may,4874.9897,1.0,-1.0,0.0,unknown,0.54090095
66,44.671844,services,married,secondary,no,3568.2632,no,no,cellular,19.408087,nov,283.70282,1.7887983,187.09125,3.7597878,success,0.81150264
70,39.933636,blue-collar,married,secondary,no,-7739.4463,yes,no,cellular,31.0,apr,2728.4604,1.0403439,-1.0,0.0,unknown,0.90781486
73,47.08866,technician,married,secondary,no,4138.783,no,no,cellular,17.129042,jun,323.70563,2.220002,-0.993574,0.00023933788,unknown,0.5071172
76,20.947998,technician,single,tertiary,no,-7683.058,no,no,cellular,19.998022,jan,3235.885,1.0000073,-1.0,5.4072584e-14,failure,0.9380383
77,32.339993,management,single,tertiary,no,2117.019,no,no,cellular,30.194414,apr,329.40576,1.4979008,93.48284,2.7353814,success,0.98313177
78,30.980394,technician,married,tertiary,no,-7965.3403,no,no,unknown,23.964428,may,4510.4546,1.0,-1.0,0.0,unknown,0.8786014
82,26.589613,blue-collar,single,secondary,no,-3363.8694,no,yes,cellular,1.0062766,apr,3074.7627,1.0046917,-1.0,0.0,unknown,0.8856015
86,19.101969,blue-collar,single,tertiary,no,-388.0916,no,no,cellular,28.000605,jul,2502.1838,1.0126282,-1.0,0.0,unknown,0.93906695
88,18.852621,blue-collar,single,secondary,no,-948.25,no,no,cellular,29.610075,jul,2371.0713,1.0205957,-1.0,0.0,unknown,0.91683096
89,65.34499,retired,married,primary,no,4337.064,no,no,cellular,16.128946,oct,416.69696,1.5296446,183.62505,2.5693474,success,0.9836304
91,38.08831,technician,married,tertiary,no,2440.1985,no,no,cellular,11.509859,jun,331.9758,2.082115,-0.99999905,1.3167383e-07,unknown,0.62549245
93,21.153223,blue-collar,single,secondary,no,-795.2396,no,no,cellular,30.999928,apr,2277.8738,1.895555,359.84976,0.0006814355,failure,0.92105013
95,18.563713,blue-collar,single,secondary,no,-2071.6436,no,no,unknown,30.987503,feb,3885.6953,1.0025681,-1.0,0.0,unknown,0.9312975
96,31.035078,technician,married,tertiary,no,-7965.617,no,no,unknown,24.987492,may,4501.8145,1.0,-1.0,0.0,unknown,0.8784602
98,82.60573,admin.,married,secondary,no,4666.69,no,no,telephone,30.875784,apr,1033.1328,1.2566652,117.05046,22.211145,failure,0.6648899
