id,age,workclass,education,marital.status,occupation,relationship,race,sex,capital.gain,capital.loss,hours.per.week,native.country,target_prob
0,40.755848, Private, 11th, Never-married, Machine-op-inspct, Own-child, Black, Male,21473.893,929.7717,60.90977, United-States,0.5330324
1,43.00738, Private, HS-grad, Married-civ-spouse, Farming-fishing, Husband, White, Male,6869.0137,299.60437,56.72152, United-States,0.65471697
2,32.976128, ?, Some-college, Never-married, ?, Own-child, White, Female,20657.438,898.57025,50.16693, United-States,0.50917906
3,48.205925, Private, 10th, Never-married, Other-service, Not-in-family, White, Male,19580.438,853.16376,49.338257, United-States,0.61200327
4,39.06021, ?, HS-grad, Never-married, ?, Unmarried, Black, Male,13737.164,598.49066,53.423996, United-States,0.5984845
5,37.62494, Private, Some-college, Never-married, Other-service, Unmarried, White, Female,18647.195,812.8735,58.18919, United-States,0.53327334
6,68.40533, Private, 7th-8th, Married-civ-spouse, Craft-repair, Husband, White, Male,18693.719,812.0286,28.466736, United-States,0.5318031
7,35.30342, Private, HS-grad, Never-married, Adm-clerical, Not-in-family, White, Female,12786.519,544.1591,51.48195, United-States,0.5026023
8,62.275604, ?, HS-grad, Married-civ-spouse, ?, Husband, White, Male,5894.4336,256.88257,40.77124, United-States,0.64471656
9,48.73, Private, HS-grad, Married-civ-spouse, Machine-op-inspct, Husband, White, Male,4102.9897,43.559998,48.98, United-States,0.6667895
10,37.956867, State-gov, Some-college, Never-married, Other-service, Own-child, White, Male,24526.637,1055.3667,49.16517, United-States,0.5863807
11,44.45095, Private, HS-grad, Married-civ-spouse, Adm-clerical, Wife, White, Female,1984.6528,86.41383,31.944653, United-States,0.59573567
12,49.675568, Private, HS-grad, Widowed, Machine-op-inspct, Unmarried, White, Female,17604.355,758.7056,37.362392, United-States,0.5397568
13,50.471626, Private, Some-college, Never-married, Other-service, Own-child, Black, Female,22558.71,974.7624,56.964848, United-States,0.5296444
14,90.11585, ?, 7th-8th, Divorced, ?, Not-in-family, White, Female,30453.182,1316.6879,35.809757, United-States,0.6028428
15,31.463217, Private, Bachelors, Never-married, Prof-specialty, Not-in-family, White, Male,8882.185,386.0479,51.6944,Other,0.53473693
16,37.534367, Private, HS-grad, Never-married, Adm-clerical, Own-child, White, Male,21381.064,909.2989,40.914074, United-States,0.5732897
18,56.13222, Private, HS-grad, Married-civ-spouse, Craft-repair, Husband, White, Male,2955.94,129.03906,37.90043, United-States,0.6256992
19,37.015694, Self-emp-not-inc, Some-college, Never-married, Prof-specialty, Not-in-family, White, Male,6900.5747,300.21808,66.76761, United-States,0.55400634
20,67.2431, Self-emp-not-inc, 11th, Widowed, Other-service, Unmarried, White, Female,15737.469,683.53973,65.43589, United-States,0.5210126
21,27.599161, Self-emp-not-inc, Bachelors, Never-married, Sales, Not-in-family, White, Male,4943.1655,215.0611,54.84542, United-States,0.52332056
22,23.730001, Local-gov, Some-college, Married-civ-spouse, Protective-serv, Husband, White, Male,999.99,43.56,40.979996, United-States,0.505964
23,34.63766, Private, HS-grad, Divorced, Exec-managerial, Unmarried, White, Female,11842.84,513.1782,51.64037, United-States,0.5882064
24,68.54297, ?, HS-grad, Married-civ-spouse, ?, Husband, White, Male,4917.816,214.23753,44.815918, United-States,0.62297326
25,37.4426, Local-gov, Bachelors, Married-civ-spouse, Prof-specialty, Husband, White, Male,1981.6826,86.394745,41.944267, United-States,0.6447462
26,41.10802, Private, 5th-6th, Never-married, Priv-house-serv, Not-in-family, White, Male,26168.934,1130.8594,75.56136,Other,0.51380324
27,29.935076, Private, 10th, Never-married, Machine-op-inspct, Not-in-family, White, Male,17707.867,768.9331,57.318333, United-States,0.51831377
28,33.55705, Private, HS-grad, Never-married, Craft-repair, Own-child, White, Male,18510.652,794.11664,58.182587, United-States,0.5557471
29,41.724594, Private, HS-grad, Married-civ-spouse, Farming-fishing, Husband, White, Male,7861.1064,342.5833,47.705597, United-States,0.62208235
30,37.62363, Private, 11th, Married-civ-spouse, Other-service, Husband, White, Male,11825.311,514.8409,51.615643, United-States,0.51598334
31,36.497604, State-gov, Some-college, Never-married, Farming-fishing, Own-child, White, Male,22496.357,970.531,53.92805, United-States,0.56582034
32,51.817715, Private, 7th-8th, Married-civ-spouse, Craft-repair, Husband, White, Male,17646.654,768.34406,57.345806,Other,0.6059886
33,66.70794, Private, 11th, Separated, Priv-house-serv, Not-in-family, Black, Female,21504.389,940.6959,39.153336, United-States,0.5452032
34,60.9978, Self-emp-inc, HS-grad, Widowed, Exec-managerial, Not-in-family, White, Female,6882.276,299.94962,56.723175, United-States,0.5559838
35,35.33973, Private, Some-college, Never-married, Other-service, Own-child, White, Male,23612.697,1023.4097,43.123135, United-States,0.51467234
37,37.300426, Private, Some-college, Never-married, Other-service, Own-child, White, Female,22374.59,2670.8875,45.827114, United-States,0.59049964
38,24.874687, Private, HS-grad, Never-married, Other-service, Not-in-family, White, Male,18020.748,171.29823,63.85735, United-States,0.6035596
39,48.094536, Private, 9th, Married-spouse-absent, Exec-managerial, Not-in-family, White, Male,13785.287,595.4414,67.52842,Other,0.52064407
40,35.238792, Private, Some-college, Never-married, Adm-clerical, Own-child, White, Female,19494.322,819.3782,59.186577, United-States,0.5074925
41,64.4463, Private, HS-grad, Married-civ-spouse, Craft-repair, Husband, White, Male,1984.2247,86.42989,41.944534, United-States,0.6201444
42,38.77821, Private, HS-grad, Married-civ-spouse, Handlers-cleaners, Husband, White, Male,7895.56,343.96167,47.73496, United-States,0.6158456
43,33.595657, Private, Bachelors, Never-married, Exec-managerial, Not-in-family, White, Female,4925.8667,214.54996,54.824135, United-States,0.64263844
44,44.021984, Private, Some-college, Divorced, Sales, Not-in-family, White, Male,6875.191,297.91724,46.73439, United-States,0.6239424
45,28.895124, Private, Masters, Never-married, Exec-managerial, Not-in-family, White, Female,3958.756,172.51605,43.87455, United-States,0.5383407
46,47.862495, Private, HS-grad, Never-married, Machine-op-inspct, Own-child, White, Female,20451.127,888.19116,59.843723, United-States,0.53858185
47,57.763535, Local-gov, HS-grad, Divorced, Adm-clerical, Not-in-family, White, Female,15653.999,669.8626,55.35442, United-States,0.5380138
48,48.784702, Private, Bachelors, Never-married, Other-service, Not-in-family, White, Female,10798.369,470.7215,50.573757,Other,0.5896441
49,36.313107, Private, Some-college, Never-married, Other-service, Own-child, White, Male,23596.46,1022.9031,43.113094, United-States,0.5331829
50,53.014507, Private, HS-grad, Separated, Transport-moving, Not-in-family, White, Male,9820.209,426.41837,49.61997, United-States,0.60542953
51,44.43873, Private, HS-grad, Married-civ-spouse, Sales, Husband, White, Male,1983.857,86.48078,49.944416, United-States,0.55217284
52,35.046814, Private, HS-grad, Married-civ-spouse, Machine-op-inspct, Husband, White, Male,6902.8857,300.86285,46.765205,Other,0.5527066
53,31.709452, Private, Some-college, Separated, Handlers-cleaners, Not-in-family, White, Female,14738.953,638.3385,54.430687, United-States,0.6474262
54,48.16115, Private, Some-college, Married-civ-spouse, Craft-repair, Husband, Other, Male,2961.245,128.95615,42.900738,Other,0.6239309
55,33.797096, ?, 10th, Never-married, ?, Own-child, White, Male,22966.252,1001.9564,62.45574, United-States,0.5201051
56,43.1548, Private, HS-grad, Married-civ-spouse, Machine-op-inspct, Husband, White, Male,2959.8677,128.84526,52.902058, United-States,0.5632963
57,69.73, Self-emp-inc, HS-grad, Married-civ-spouse, Sales, Husband, White, Male,999.99,43.559998,30.98, United-States,0.57909757
58,52.136032, Private, HS-grad, Married-civ-spouse, Transport-moving, Husband, White, Male,2963.8672,127.96385,42.910152, United-States,0.52228415
59,29.333483, Private, Some-college, Never-married, Adm-clerical, Not-in-family, White, Female,12788.214,546.2058,52.57479, United-States,0.505852
60,47.154858, Self-emp-inc, Some-college, Married-civ-spouse, Machine-op-inspct, Husband, White, Male,2956.9282,128.5812,52.89753, United-States,0.65165955
61,27.321392, Private, Bachelors, Never-married, Exec-managerial, Not-in-family, White, Male,5900.6875,256.4707,45.77535, United-States,0.6426959
62,31.165157, Private, Some-college, Separated, Other-service, Not-in-family, White, Male,9800.331,2296.2847,49.637493, United-States,0.61781484
63,35.30426, Self-emp-not-inc, Some-college, Married-civ-spouse, Craft-repair, Husband, White, Male,5895.408,256.43625,55.768475, United-States,0.6312763
64,51.330597, Private, HS-grad, Separated, Machine-op-inspct, Not-in-family, White, Female,11794.111,513.5137,55.53008, United-States,0.5939376
65,38.706394, Federal-gov, 11th, Never-married, Other-service, Own-child, White, Female,25982.662,1119.5144,35.48665, United-States,0.5769057
66,55.73, Private, HS-grad, Married-civ-spouse, Sales, Husband, White, Male,999.98987,43.56,56.979996, United-States,0.6412914
67,33.30028, Federal-gov, Some-college, Never-married, Armed-Forces, Not-in-family, White, Male,12791.767,554.54065,52.483456, United-States,0.5577335
68,61.87836, Private, Bachelors, Never-married, Exec-managerial, Not-in-family, White, Female,3955.1675,172.30222,28.877687, United-States,0.5500061
70,62.574867, Federal-gov, Bachelors, Divorced, Adm-clerical, Not-in-family, White, Male,4913.3354,211.40907,44.81827, United-States,0.6065081
71,40.379017, Private, Masters, Never-married, Other-service, Not-in-family, Amer-Indian-Eskimo, Male,8825.105,384.5098,48.640568, United-States,0.6193386
72,36.45776, Private, HS-grad, Never-married, Handlers-cleaners, Own-child, White, Male,22468.766,977.4374,61.874283, United-States,0.57957846
73,32.96218, Private, Bachelors, Never-married, Exec-managerial, Own-child, White, Female,10862.122,473.08453,50.62845, United-States,0.50739735
74,57.569397, Private, 10th, Married-civ-spouse, Farming-fishing, Husband, White, Male,11816.584,515.9065,51.594025, United-States,0.5733781
75,61.128006, Private, HS-grad, Married-civ-spouse, Transport-moving, Husband, White, Male,2956.2886,128.30055,42.904865, United-States,0.5978706
76,30.016489, Private, HS-grad, Never-married, Adm-clerical, Not-in-family, White, Female,13743.239,583.2523,53.427986, United-States,0.56054205
77,53.139786, ?, Some-college, Married-civ-spouse, ?, Wife, White, Female,2953.141,128.68623,20.89457, United-States,0.6409867
78,42.896606, Private, Some-college, Never-married, Adm-clerical, Unmarried, Black, Female,13733.183,596.9584,48.452213, United-States,0.5483244
79,36.317703, Private, Some-college, Never-married, Transport-moving, Own-child, Black, Male,19471.94,840.06067,57.791054, United-States,0.5283791
80,73.602196, Self-emp-not-inc, 9th, Widowed, Other-service, Not-in-family, White, Female,22413.398,981.99335,62.047764, United-States,0.56228566
81,63.544132, Local-gov, HS-grad, Widowed, Adm-clerical, Unmarried, White, Female,16612.506,718.8863,44.301304, United-States,0.5762133
82,48.681248, Private, 10th, Separated, Machine-op-inspct, Not-in-family, White, Female,17665.14,773.46515,57.32296, United-States,0.55241776
83,40.87623, Private, HS-grad, Never-married, Transport-moving, Own-child, White, Male,20160.377,749.26044,57.168423, United-States,0.5075237
84,35.452286, Private, Some-college, Never-married, Handlers-cleaners, Own-child, Black, Male,22570.37,981.1244,37.93345, United-States,0.5485858
85,31.59046, Private, HS-grad, Never-married, Other-service, Not-in-family, White, Female,18696.473,806.3863,46.304977, United-States,0.5084594
86,33.704838, Private, HS-grad, Never-married, Machine-op-inspct, Own-child, White, Female,21540.299,934.84064,68.90491, United-States,0.5369284
87,30.891937, Private, Some-college, Married-civ-spouse, Craft-repair, Husband, White, Male,3956.3337,172.12715,43.873672, United-States,0.54650265
88,30.450089, Private, Assoc-voc, Married-civ-spouse, Exec-managerial, Husband, White, Male,1985.609,86.50362,41.945015, United-States,0.5981773
89,37.2954, ?, HS-grad, Never-married, ?, Own-child, White, Female,23567.45,1030.9531,43.055782, United-States,0.61572385
90,44.333755, Private, Some-college, Married-civ-spouse, Handlers-cleaners, Husband, White, Male,5943.1274,258.8937,45.82331, United-States,0.5478128
91,37.571556, Private, HS-grad, Never-married, Handlers-cleaners, Unmarried, White, Male,15726.059,683.62103,55.356514, United-States,0.56531006
92,48.123253, Private, HS-grad, Married-civ-spouse, Craft-repair, Husband, White, Male,2949.7556,128.56647,42.900482, United-States,0.6399332
93,37.988754, Private, 11th, Never-married, Other-service, Not-in-family, White, Female,20545.533,890.2505,44.124165, United-States,0.59377056
94,54.52, Private, HS-grad, Married-spouse-absent, Adm-clerical, Unmarried, White, Female,14690.438,634.87885,54.452106, United-States,0.5204625
95,47.26926, Private, Bachelors, Divorced, Sales, Unmarried, White, Female,5919.4805,257.9007,45.80644, United-States,0.55892086
96,37.345222, Local-gov, Bachelors, Divorced, Prof-specialty, Unmarried, White, Female,8864.344,386.02225,68.714806, United-States,0.51719654
97,32.444687, Private, Some-college, Never-married, Sales, Own-child, White, Female,19647.938,856.5108,44.041767, United-States,0.54384655
98,34.1454, Private, Some-college, Never-married, Protective-serv, Own-child, White, Male,20584.086,892.5269,50.12413, United-States,0.58641326
99,47.44099, Private, Some-college, Divorced, Tech-support, Not-in-family, White, Female,8842.052,382.14703,48.65164, United-States,0.57824546
